Time Series Search Export,Search term,Search filters,,Last update of Central bank policy rates data,Downloaded at,Source,Source URL,Download URL,About Central bank policy rates
,,,,2024-10-10,2024-10-11 15:29 CEST,BIS,"https:/data.bis.org/topics/CBPOL/BIS,WS_CBPOL,1.0/M.US?","https:/data.bis.org/topics/CBPOL/BIS,WS_CBPOL,1.0/M.US?&file_format=csv&format=long&split_frequencies=false&transposed=false&include=code%2Clabel",https://data.bis.org/topics/CBPOL

DATAFLOW_ID:Dataflow ID,KEY:Timeseries Key,FREQ:Frequency,REF_AREA:Reference area,Unit,Unit multiplier,TIME_PERIOD:Period,OBS_CONF:Confidentiality,OBS_PRE_BREAK:Pre-break value,OBS_STATUS:Status,OBS_VALUE:Value
"BIS,WS_CBPOL,1.0",M.US,M:Monthly,US:United States,Per cent per year,Units,1954-07-31,F:Free,,A:Normal value,0.25
"BIS,WS_CBPOL,1.0",M.US,M:Monthly,US:United States,Per cent per year,Units,1954-08-31,F:Free,,A:Normal value,1.44
"BIS,WS_CBPOL,1.0",M.US,M:Monthly,US:United States,Per cent per year,Units,1954-09-30,F:Free,,A:Normal value,1.44
"BIS,WS_CBPOL,1.0",M.US,M:Monthly,US:United States,Per cent per year,Units,1954-10-31,F:Free,,A:Normal value,1.13
"BIS,WS_CBPOL,1.0",M.US,M:Monthly,US:United States,Per cent per year,Units,1954-11-30,F:Free,,A:Normal value,1.38
"BIS,WS_CBPOL,1.0",M.US,M:Monthly,US:United States,Per cent per year,Units,1954-12-31,F:Free,,A:Normal value,1.44
"BIS,WS_CBPOL,1.0",M.US,M:Monthly,US:United States,Per cent per year,Units,1955-01-31,F:Free,,A:Normal value,1.44
"BIS,WS_CBPOL,1.0",M.US,M:Monthly,US:United States,Per cent per year,Units,1955-02-28,F:Free,,A:Normal value,1.44
"BIS,WS_CBPOL,1.0",M.US,M:Monthly,US:United States,Per cent per year,Units,1955-03-31,F:Free,,A:Normal value,1.44
"BIS,WS_CBPOL,1.0",M.US,M:Monthly,US:United States,Per cent per year,Units,1955-04-30,F:Free,,A:Normal value,1.69
"BIS,WS_CBPOL,1.0",M.US,M:Monthly,US:United States,Per cent per year,Units,1955-05-31,F:Free,,A:Normal value,1.69
"BIS,WS_CBPOL,1.0",M.US,M:Monthly,US:United States,Per cent per year,Units,1955-06-30,F:Free,,A:Normal value,1.69
"BIS,WS_CBPOL,1.0",M.US,M:Monthly,US:United States,Per cent per year,Units,1955-07-31,F:Free,,A:Normal value,1.75
"BIS,WS_CBPOL,1.0",M.US,M:Monthly,US:United States,Per cent per year,Units,1955-08-31,F:Free,,A:Normal value,2.0
"BIS,WS_CBPOL,1.0",M.US,M:Monthly,US:United States,Per cent per year,Units,1955-09-30,F:Free,,A:Normal value,2.19
"BIS,WS_CBPOL,1.0",M.US,M:Monthly,US:United States,Per cent per year,Units,1955-10-31,F:Free,,A:Normal value,2.25
"BIS,WS_CBPOL,1.0",M.US,M:Monthly,US:United States,Per cent per year,Units,1955-11-30,F:Free,,A:Normal value,2.44
"BIS,WS_CBPOL,1.0",M.US,M:Monthly,US:United States,Per cent per year,Units,1955-12-31,F:Free,,A:Normal value,2.5
"BIS,WS_CBPOL,1.0",M.US,M:Monthly,US:United States,Per cent per year,Units,1956-01-31,F:Free,,A:Normal value,2.5
"BIS,WS_CBPOL,1.0",M.US,M:Monthly,US:United States,Per cent per year,Units,1956-02-29,F:Free,,A:Normal value,2.5
"BIS,WS_CBPOL,1.0",M.US,M:Monthly,US:United States,Per cent per year,Units,1956-03-31,F:Free,,A:Normal value,2.5
"BIS,WS_CBPOL,1.0",M.US,M:Monthly,US:United States,Per cent per year,Units,1956-04-30,F:Free,,A:Normal value,2.75
"BIS,WS_CBPOL,1.0",M.US,M:Monthly,US:United States,Per cent per year,Units,1956-05-31,F:Free,,A:Normal value,2.75
"BIS,WS_CBPOL,1.0",M.US,M:Monthly,US:United States,Per cent per year,Units,1956-06-30,F:Free,,A:Normal value,2.75
"BIS,WS_CBPOL,1.0",M.US,M:Monthly,US:United States,Per cent per year,Units,1956-07-31,F:Free,,A:Normal value,2.69
"BIS,WS_CBPOL,1.0",M.US,M:Monthly,US:United States,Per cent per year,Units,1956-08-31,F:Free,,A:Normal value,3.0
"BIS,WS_CBPOL,1.0",M.US,M:Monthly,US:United States,Per cent per year,Units,1956-09-30,F:Free,,A:Normal value,3.0
"BIS,WS_CBPOL,1.0",M.US,M:Monthly,US:United States,Per cent per year,Units,1956-10-31,F:Free,,A:Normal value,3.0
"BIS,WS_CBPOL,1.0",M.US,M:Monthly,US:United States,Per cent per year,Units,1956-11-30,F:Free,,A:Normal value,3.0
"BIS,WS_CBPOL,1.0",M.US,M:Monthly,US:United States,Per cent per year,Units,1956-12-31,F:Free,,A:Normal value,3.0
"BIS,WS_CBPOL,1.0",M.US,M:Monthly,US:United States,Per cent per year,Units,1957-01-31,F:Free,,A:Normal value,3.0
"BIS,WS_CBPOL,1.0",M.US,M:Monthly,US:United States,Per cent per year,Units,1957-02-28,F:Free,,A:Normal value,3.0
"BIS,WS_CBPOL,1.0",M.US,M:Monthly,US:United States,Per cent per year,Units,1957-03-31,F:Free,,A:Normal value,2.94
"BIS,WS_CBPOL,1.0",M.US,M:Monthly,US:United States,Per cent per year,Units,1957-04-30,F:Free,,A:Normal value,3.0
"BIS,WS_CBPOL,1.0",M.US,M:Monthly,US:United States,Per cent per year,Units,1957-05-31,F:Free,,A:Normal value,3.0
"BIS,WS_CBPOL,1.0",M.US,M:Monthly,US:United States,Per cent per year,Units,1957-06-30,F:Free,,A:Normal value,3.0
"BIS,WS_CBPOL,1.0",M.US,M:Monthly,US:United States,Per cent per year,Units,1957-07-31,F:Free,,A:Normal value,2.88
"BIS,WS_CBPOL,1.0",M.US,M:Monthly,US:United States,Per cent per year,Units,1957-08-31,F:Free,,A:Normal value,3.5
"BIS,WS_CBPOL,1.0",M.US,M:Monthly,US:United States,Per cent per year,Units,1957-09-30,F:Free,,A:Normal value,3.5
"BIS,WS_CBPOL,1.0",M.US,M:Monthly,US:United States,Per cent per year,Units,1957-10-31,F:Free,,A:Normal value,3.5
"BIS,WS_CBPOL,1.0",M.US,M:Monthly,US:United States,Per cent per year,Units,1957-11-30,F:Free,,A:Normal value,3.0
"BIS,WS_CBPOL,1.0",M.US,M:Monthly,US:United States,Per cent per year,Units,1957-12-31,F:Free,,A:Normal value,3.0
"BIS,WS_CBPOL,1.0",M.US,M:Monthly,US:United States,Per cent per year,Units,1958-01-31,F:Free,,A:Normal value,1.5
"BIS,WS_CBPOL,1.0",M.US,M:Monthly,US:United States,Per cent per year,Units,1958-02-28,F:Free,,A:Normal value,0.5
"BIS,WS_CBPOL,1.0",M.US,M:Monthly,US:United States,Per cent per year,Units,1958-03-31,F:Free,,A:Normal value,0.5
"BIS,WS_CBPOL,1.0",M.US,M:Monthly,US:United States,Per cent per year,Units,1958-04-30,F:Free,,A:Normal value,0.25
"BIS,WS_CBPOL,1.0",M.US,M:Monthly,US:United States,Per cent per year,Units,1958-05-31,F:Free,,A:Normal value,0.13
"BIS,WS_CBPOL,1.0",M.US,M:Monthly,US:United States,Per cent per year,Units,1958-06-30,F:Free,,A:Normal value,0.5
"BIS,WS_CBPOL,1.0",M.US,M:Monthly,US:United States,Per cent per year,Units,1958-07-31,F:Free,,A:Normal value,0.38
"BIS,WS_CBPOL,1.0",M.US,M:Monthly,US:United States,Per cent per year,Units,1958-08-31,F:Free,,A:Normal value,1.75
"BIS,WS_CBPOL,1.0",M.US,M:Monthly,US:United States,Per cent per year,Units,1958-09-30,F:Free,,A:Normal value,1.5
"BIS,WS_CBPOL,1.0",M.US,M:Monthly,US:United States,Per cent per year,Units,1958-10-31,F:Free,,A:Normal value,2.0
"BIS,WS_CBPOL,1.0",M.US,M:Monthly,US:United States,Per cent per year,Units,1958-11-30,F:Free,,A:Normal value,2.5
"BIS,WS_CBPOL,1.0",M.US,M:Monthly,US:United States,Per cent per year,Units,1958-12-31,F:Free,,A:Normal value,2.38
"BIS,WS_CBPOL,1.0",M.US,M:Monthly,US:United States,Per cent per year,Units,1959-01-31,F:Free,,A:Normal value,2.5
"BIS,WS_CBPOL,1.0",M.US,M:Monthly,US:United States,Per cent per year,Units,1959-02-28,F:Free,,A:Normal value,2.5
"BIS,WS_CBPOL,1.0",M.US,M:Monthly,US:United States,Per cent per year,Units,1959-03-31,F:Free,,A:Normal value,3.0
"BIS,WS_CBPOL,1.0",M.US,M:Monthly,US:United States,Per cent per year,Units,1959-04-30,F:Free,,A:Normal value,3.0
"BIS,WS_CBPOL,1.0",M.US,M:Monthly,US:United States,Per cent per year,Units,1959-05-31,F:Free,,A:Normal value,3.25
"BIS,WS_CBPOL,1.0",M.US,M:Monthly,US:United States,Per cent per year,Units,1959-06-30,F:Free,,A:Normal value,3.0
"BIS,WS_CBPOL,1.0",M.US,M:Monthly,US:United States,Per cent per year,Units,1959-07-31,F:Free,,A:Normal value,3.5
"BIS,WS_CBPOL,1.0",M.US,M:Monthly,US:United States,Per cent per year,Units,1959-08-31,F:Free,,A:Normal value,3.5
"BIS,WS_CBPOL,1.0",M.US,M:Monthly,US:United States,Per cent per year,Units,1959-09-30,F:Free,,A:Normal value,3.0
"BIS,WS_CBPOL,1.0",M.US,M:Monthly,US:United States,Per cent per year,Units,1959-10-31,F:Free,,A:Normal value,4.0
"BIS,WS_CBPOL,1.0",M.US,M:Monthly,US:United States,Per cent per year,Units,1959-11-30,F:Free,,A:Normal value,4.0
"BIS,WS_CBPOL,1.0",M.US,M:Monthly,US:United States,Per cent per year,Units,1959-12-31,F:Free,,A:Normal value,4.0
"BIS,WS_CBPOL,1.0",M.US,M:Monthly,US:United States,Per cent per year,Units,1960-01-31,F:Free,,A:Normal value,4.0
"BIS,WS_CBPOL,1.0",M.US,M:Monthly,US:United States,Per cent per year,Units,1960-02-29,F:Free,,A:Normal value,4.0
"BIS,WS_CBPOL,1.0",M.US,M:Monthly,US:United States,Per cent per year,Units,1960-03-31,F:Free,,A:Normal value,4.0
"BIS,WS_CBPOL,1.0",M.US,M:Monthly,US:United States,Per cent per year,Units,1960-04-30,F:Free,,A:Normal value,4.0
"BIS,WS_CBPOL,1.0",M.US,M:Monthly,US:United States,Per cent per year,Units,1960-05-31,F:Free,,A:Normal value,3.5
"BIS,WS_CBPOL,1.0",M.US,M:Monthly,US:United States,Per cent per year,Units,1960-06-30,F:Free,,A:Normal value,3.5
"BIS,WS_CBPOL,1.0",M.US,M:Monthly,US:United States,Per cent per year,Units,1960-07-31,F:Free,,A:Normal value,3.25
"BIS,WS_CBPOL,1.0",M.US,M:Monthly,US:United States,Per cent per year,Units,1960-08-31,F:Free,,A:Normal value,3.0
"BIS,WS_CBPOL,1.0",M.US,M:Monthly,US:United States,Per cent per year,Units,1960-09-30,F:Free,,A:Normal value,3.0
"BIS,WS_CBPOL,1.0",M.US,M:Monthly,US:United States,Per cent per year,Units,1960-10-31,F:Free,,A:Normal value,2.75
"BIS,WS_CBPOL,1.0",M.US,M:Monthly,US:United States,Per cent per year,Units,1960-11-30,F:Free,,A:Normal value,0.25
"BIS,WS_CBPOL,1.0",M.US,M:Monthly,US:United States,Per cent per year,Units,1960-12-31,F:Free,,A:Normal value,3.0
"BIS,WS_CBPOL,1.0",M.US,M:Monthly,US:United States,Per cent per year,Units,1961-01-31,F:Free,,A:Normal value,2.25
"BIS,WS_CBPOL,1.0",M.US,M:Monthly,US:United States,Per cent per year,Units,1961-02-28,F:Free,,A:Normal value,2.0
"BIS,WS_CBPOL,1.0",M.US,M:Monthly,US:United States,Per cent per year,Units,1961-03-31,F:Free,,A:Normal value,2.0
"BIS,WS_CBPOL,1.0",M.US,M:Monthly,US:United States,Per cent per year,Units,1961-04-30,F:Free,,A:Normal value,0.5
"BIS,WS_CBPOL,1.0",M.US,M:Monthly,US:United States,Per cent per year,Units,1961-05-31,F:Free,,A:Normal value,1.0
"BIS,WS_CBPOL,1.0",M.US,M:Monthly,US:United States,Per cent per year,Units,1961-06-30,F:Free,,A:Normal value,0.5
"BIS,WS_CBPOL,1.0",M.US,M:Monthly,US:United States,Per cent per year,Units,1961-07-31,F:Free,,A:Normal value,2.5
"BIS,WS_CBPOL,1.0",M.US,M:Monthly,US:United States,Per cent per year,Units,1961-08-31,F:Free,,A:Normal value,1.75
"BIS,WS_CBPOL,1.0",M.US,M:Monthly,US:United States,Per cent per year,Units,1961-09-30,F:Free,,A:Normal value,1.5
"BIS,WS_CBPOL,1.0",M.US,M:Monthly,US:United States,Per cent per year,Units,1961-10-31,F:Free,,A:Normal value,2.0
"BIS,WS_CBPOL,1.0",M.US,M:Monthly,US:United States,Per cent per year,Units,1961-11-30,F:Free,,A:Normal value,1.75
"BIS,WS_CBPOL,1.0",M.US,M:Monthly,US:United States,Per cent per year,Units,1961-12-31,F:Free,,A:Normal value,2.5
"BIS,WS_CBPOL,1.0",M.US,M:Monthly,US:United States,Per cent per year,Units,1962-01-31,F:Free,,A:Normal value,1.5
"BIS,WS_CBPOL,1.0",M.US,M:Monthly,US:United States,Per cent per year,Units,1962-02-28,F:Free,,A:Normal value,2.75
"BIS,WS_CBPOL,1.0",M.US,M:Monthly,US:United States,Per cent per year,Units,1962-03-31,F:Free,,A:Normal value,2.75
"BIS,WS_CBPOL,1.0",M.US,M:Monthly,US:United States,Per cent per year,Units,1962-04-30,F:Free,,A:Normal value,2.5
"BIS,WS_CBPOL,1.0",M.US,M:Monthly,US:United States,Per cent per year,Units,1962-05-31,F:Free,,A:Normal value,2.75
"BIS,WS_CBPOL,1.0",M.US,M:Monthly,US:United States,Per cent per year,Units,1962-06-30,F:Free,,A:Normal value,2.75
"BIS,WS_CBPOL,1.0",M.US,M:Monthly,US:United States,Per cent per year,Units,1962-07-31,F:Free,,A:Normal value,2.75
"BIS,WS_CBPOL,1.0",M.US,M:Monthly,US:United States,Per cent per year,Units,1962-08-31,F:Free,,A:Normal value,3.0
"BIS,WS_CBPOL,1.0",M.US,M:Monthly,US:United States,Per cent per year,Units,1962-09-30,F:Free,,A:Normal value,2.75
"BIS,WS_CBPOL,1.0",M.US,M:Monthly,US:United States,Per cent per year,Units,1962-10-31,F:Free,,A:Normal value,3.0
"BIS,WS_CBPOL,1.0",M.US,M:Monthly,US:United States,Per cent per year,Units,1962-11-30,F:Free,,A:Normal value,2.88
"BIS,WS_CBPOL,1.0",M.US,M:Monthly,US:United States,Per cent per year,Units,1962-12-31,F:Free,,A:Normal value,3.0
"BIS,WS_CBPOL,1.0",M.US,M:Monthly,US:United States,Per cent per year,Units,1963-01-31,F:Free,,A:Normal value,3.0
"BIS,WS_CBPOL,1.0",M.US,M:Monthly,US:United States,Per cent per year,Units,1963-02-28,F:Free,,A:Normal value,3.0
"BIS,WS_CBPOL,1.0",M.US,M:Monthly,US:United States,Per cent per year,Units,1963-03-31,F:Free,,A:Normal value,3.0
"BIS,WS_CBPOL,1.0",M.US,M:Monthly,US:United States,Per cent per year,Units,1963-04-30,F:Free,,A:Normal value,3.0
"BIS,WS_CBPOL,1.0",M.US,M:Monthly,US:United States,Per cent per year,Units,1963-05-31,F:Free,,A:Normal value,3.0
"BIS,WS_CBPOL,1.0",M.US,M:Monthly,US:United States,Per cent per year,Units,1963-06-30,F:Free,,A:Normal value,3.0
"BIS,WS_CBPOL,1.0",M.US,M:Monthly,US:United States,Per cent per year,Units,1963-07-31,F:Free,,A:Normal value,3.5
"BIS,WS_CBPOL,1.0",M.US,M:Monthly,US:United States,Per cent per year,Units,1963-08-31,F:Free,,A:Normal value,3.5
"BIS,WS_CBPOL,1.0",M.US,M:Monthly,US:United States,Per cent per year,Units,1963-09-30,F:Free,,A:Normal value,3.5
"BIS,WS_CBPOL,1.0",M.US,M:Monthly,US:United States,Per cent per year,Units,1963-10-31,F:Free,,A:Normal value,3.5
"BIS,WS_CBPOL,1.0",M.US,M:Monthly,US:United States,Per cent per year,Units,1963-11-30,F:Free,,A:Normal value,3.5
"BIS,WS_CBPOL,1.0",M.US,M:Monthly,US:United States,Per cent per year,Units,1963-12-31,F:Free,,A:Normal value,3.25
"BIS,WS_CBPOL,1.0",M.US,M:Monthly,US:United States,Per cent per year,Units,1964-01-31,F:Free,,A:Normal value,3.5
"BIS,WS_CBPOL,1.0",M.US,M:Monthly,US:United States,Per cent per year,Units,1964-02-29,F:Free,,A:Normal value,3.5
"BIS,WS_CBPOL,1.0",M.US,M:Monthly,US:United States,Per cent per year,Units,1964-03-31,F:Free,,A:Normal value,3.5
"BIS,WS_CBPOL,1.0",M.US,M:Monthly,US:United States,Per cent per year,Units,1964-04-30,F:Free,,A:Normal value,3.5
"BIS,WS_CBPOL,1.0",M.US,M:Monthly,US:United States,Per cent per year,Units,1964-05-31,F:Free,,A:Normal value,3.5
"BIS,WS_CBPOL,1.0",M.US,M:Monthly,US:United States,Per cent per year,Units,1964-06-30,F:Free,,A:Normal value,3.5
"BIS,WS_CBPOL,1.0",M.US,M:Monthly,US:United States,Per cent per year,Units,1964-07-31,F:Free,,A:Normal value,3.5
"BIS,WS_CBPOL,1.0",M.US,M:Monthly,US:United States,Per cent per year,Units,1964-08-31,F:Free,,A:Normal value,3.5
"BIS,WS_CBPOL,1.0",M.US,M:Monthly,US:United States,Per cent per year,Units,1964-09-30,F:Free,,A:Normal value,2.75
"BIS,WS_CBPOL,1.0",M.US,M:Monthly,US:United States,Per cent per year,Units,1964-10-31,F:Free,,A:Normal value,3.5
"BIS,WS_CBPOL,1.0",M.US,M:Monthly,US:United States,Per cent per year,Units,1964-11-30,F:Free,,A:Normal value,4.0
"BIS,WS_CBPOL,1.0",M.US,M:Monthly,US:United States,Per cent per year,Units,1964-12-31,F:Free,,A:Normal value,4.0
"BIS,WS_CBPOL,1.0",M.US,M:Monthly,US:United States,Per cent per year,Units,1965-01-31,F:Free,,A:Normal value,4.0
"BIS,WS_CBPOL,1.0",M.US,M:Monthly,US:United States,Per cent per year,Units,1965-02-28,F:Free,,A:Normal value,4.0
"BIS,WS_CBPOL,1.0",M.US,M:Monthly,US:United States,Per cent per year,Units,1965-03-31,F:Free,,A:Normal value,4.0
"BIS,WS_CBPOL,1.0",M.US,M:Monthly,US:United States,Per cent per year,Units,1965-04-30,F:Free,,A:Normal value,4.13
"BIS,WS_CBPOL,1.0",M.US,M:Monthly,US:United States,Per cent per year,Units,1965-05-31,F:Free,,A:Normal value,4.13
"BIS,WS_CBPOL,1.0",M.US,M:Monthly,US:United States,Per cent per year,Units,1965-06-30,F:Free,,A:Normal value,4.13
"BIS,WS_CBPOL,1.0",M.US,M:Monthly,US:United States,Per cent per year,Units,1965-07-31,F:Free,,A:Normal value,4.13
"BIS,WS_CBPOL,1.0",M.US,M:Monthly,US:United States,Per cent per year,Units,1965-08-31,F:Free,,A:Normal value,4.0
"BIS,WS_CBPOL,1.0",M.US,M:Monthly,US:United States,Per cent per year,Units,1965-09-30,F:Free,,A:Normal value,4.13
"BIS,WS_CBPOL,1.0",M.US,M:Monthly,US:United States,Per cent per year,Units,1965-10-31,F:Free,,A:Normal value,4.13
"BIS,WS_CBPOL,1.0",M.US,M:Monthly,US:United States,Per cent per year,Units,1965-11-30,F:Free,,A:Normal value,4.13
"BIS,WS_CBPOL,1.0",M.US,M:Monthly,US:United States,Per cent per year,Units,1965-12-31,F:Free,,A:Normal value,4.63
"BIS,WS_CBPOL,1.0",M.US,M:Monthly,US:United States,Per cent per year,Units,1966-01-31,F:Free,,A:Normal value,4.5
"BIS,WS_CBPOL,1.0",M.US,M:Monthly,US:United States,Per cent per year,Units,1966-02-28,F:Free,,A:Normal value,4.63
"BIS,WS_CBPOL,1.0",M.US,M:Monthly,US:United States,Per cent per year,Units,1966-03-31,F:Free,,A:Normal value,4.75
"BIS,WS_CBPOL,1.0",M.US,M:Monthly,US:United States,Per cent per year,Units,1966-04-30,F:Free,,A:Normal value,4.63
"BIS,WS_CBPOL,1.0",M.US,M:Monthly,US:United States,Per cent per year,Units,1966-05-31,F:Free,,A:Normal value,4.75
"BIS,WS_CBPOL,1.0",M.US,M:Monthly,US:United States,Per cent per year,Units,1966-06-30,F:Free,,A:Normal value,5.5
"BIS,WS_CBPOL,1.0",M.US,M:Monthly,US:United States,Per cent per year,Units,1966-07-31,F:Free,,A:Normal value,5.75
"BIS,WS_CBPOL,1.0",M.US,M:Monthly,US:United States,Per cent per year,Units,1966-08-31,F:Free,,A:Normal value,4.5
"BIS,WS_CBPOL,1.0",M.US,M:Monthly,US:United States,Per cent per year,Units,1966-09-30,F:Free,,A:Normal value,5.75
"BIS,WS_CBPOL,1.0",M.US,M:Monthly,US:United States,Per cent per year,Units,1966-10-31,F:Free,,A:Normal value,5.75
"BIS,WS_CBPOL,1.0",M.US,M:Monthly,US:United States,Per cent per year,Units,1966-11-30,F:Free,,A:Normal value,5.75
"BIS,WS_CBPOL,1.0",M.US,M:Monthly,US:United States,Per cent per year,Units,1966-12-31,F:Free,,A:Normal value,5.0
"BIS,WS_CBPOL,1.0",M.US,M:Monthly,US:United States,Per cent per year,Units,1967-01-31,F:Free,,A:Normal value,4.0
"BIS,WS_CBPOL,1.0",M.US,M:Monthly,US:United States,Per cent per year,Units,1967-02-28,F:Free,,A:Normal value,4.75
"BIS,WS_CBPOL,1.0",M.US,M:Monthly,US:United States,Per cent per year,Units,1967-03-31,F:Free,,A:Normal value,4.5
"BIS,WS_CBPOL,1.0",M.US,M:Monthly,US:United States,Per cent per year,Units,1967-04-30,F:Free,,A:Normal value,4.0
"BIS,WS_CBPOL,1.0",M.US,M:Monthly,US:United States,Per cent per year,Units,1967-05-31,F:Free,,A:Normal value,4.13
"BIS,WS_CBPOL,1.0",M.US,M:Monthly,US:United States,Per cent per year,Units,1967-06-30,F:Free,,A:Normal value,3.5
"BIS,WS_CBPOL,1.0",M.US,M:Monthly,US:United States,Per cent per year,Units,1967-07-31,F:Free,,A:Normal value,3.75
"BIS,WS_CBPOL,1.0",M.US,M:Monthly,US:United States,Per cent per year,Units,1967-08-31,F:Free,,A:Normal value,4.0
"BIS,WS_CBPOL,1.0",M.US,M:Monthly,US:United States,Per cent per year,Units,1967-09-30,F:Free,,A:Normal value,3.75
"BIS,WS_CBPOL,1.0",M.US,M:Monthly,US:United States,Per cent per year,Units,1967-10-31,F:Free,,A:Normal value,4.13
"BIS,WS_CBPOL,1.0",M.US,M:Monthly,US:United States,Per cent per year,Units,1967-11-30,F:Free,,A:Normal value,4.5
"BIS,WS_CBPOL,1.0",M.US,M:Monthly,US:United States,Per cent per year,Units,1967-12-31,F:Free,,A:Normal value,4.5
"BIS,WS_CBPOL,1.0",M.US,M:Monthly,US:United States,Per cent per year,Units,1968-01-31,F:Free,,A:Normal value,4.75
"BIS,WS_CBPOL,1.0",M.US,M:Monthly,US:United States,Per cent per year,Units,1968-02-29,F:Free,,A:Normal value,4.75
"BIS,WS_CBPOL,1.0",M.US,M:Monthly,US:United States,Per cent per year,Units,1968-03-31,F:Free,,A:Normal value,5.25
"BIS,WS_CBPOL,1.0",M.US,M:Monthly,US:United States,Per cent per year,Units,1968-04-30,F:Free,,A:Normal value,6.25
"BIS,WS_CBPOL,1.0",M.US,M:Monthly,US:United States,Per cent per year,Units,1968-05-31,F:Free,,A:Normal value,6.13
"BIS,WS_CBPOL,1.0",M.US,M:Monthly,US:United States,Per cent per year,Units,1968-06-30,F:Free,,A:Normal value,5.5
"BIS,WS_CBPOL,1.0",M.US,M:Monthly,US:United States,Per cent per year,Units,1968-07-31,F:Free,,A:Normal value,6.0
"BIS,WS_CBPOL,1.0",M.US,M:Monthly,US:United States,Per cent per year,Units,1968-08-31,F:Free,,A:Normal value,5.75
"BIS,WS_CBPOL,1.0",M.US,M:Monthly,US:United States,Per cent per year,Units,1968-09-30,F:Free,,A:Normal value,5.5
"BIS,WS_CBPOL,1.0",M.US,M:Monthly,US:United States,Per cent per year,Units,1968-10-31,F:Free,,A:Normal value,6.0
"BIS,WS_CBPOL,1.0",M.US,M:Monthly,US:United States,Per cent per year,Units,1968-11-30,F:Free,,A:Normal value,6.0
"BIS,WS_CBPOL,1.0",M.US,M:Monthly,US:United States,Per cent per year,Units,1968-12-31,F:Free,,A:Normal value,4.0
"BIS,WS_CBPOL,1.0",M.US,M:Monthly,US:United States,Per cent per year,Units,1969-01-31,F:Free,,A:Normal value,6.38
"BIS,WS_CBPOL,1.0",M.US,M:Monthly,US:United States,Per cent per year,Units,1969-02-28,F:Free,,A:Normal value,7.0
"BIS,WS_CBPOL,1.0",M.US,M:Monthly,US:United States,Per cent per year,Units,1969-03-31,F:Free,,A:Normal value,6.25
"BIS,WS_CBPOL,1.0",M.US,M:Monthly,US:United States,Per cent per year,Units,1969-04-30,F:Free,,A:Normal value,8.0
"BIS,WS_CBPOL,1.0",M.US,M:Monthly,US:United States,Per cent per year,Units,1969-05-31,F:Free,,A:Normal value,9.38
"BIS,WS_CBPOL,1.0",M.US,M:Monthly,US:United States,Per cent per year,Units,1969-06-30,F:Free,,A:Normal value,7.5
"BIS,WS_CBPOL,1.0",M.US,M:Monthly,US:United States,Per cent per year,Units,1969-07-31,F:Free,,A:Normal value,8.75
"BIS,WS_CBPOL,1.0",M.US,M:Monthly,US:United States,Per cent per year,Units,1969-08-31,F:Free,,A:Normal value,9.75
"BIS,WS_CBPOL,1.0",M.US,M:Monthly,US:United States,Per cent per year,Units,1969-09-30,F:Free,,A:Normal value,8.5
"BIS,WS_CBPOL,1.0",M.US,M:Monthly,US:United States,Per cent per year,Units,1969-10-31,F:Free,,A:Normal value,9.0
"BIS,WS_CBPOL,1.0",M.US,M:Monthly,US:United States,Per cent per year,Units,1969-11-30,F:Free,,A:Normal value,9.25
"BIS,WS_CBPOL,1.0",M.US,M:Monthly,US:United States,Per cent per year,Units,1969-12-31,F:Free,,A:Normal value,5.0
"BIS,WS_CBPOL,1.0",M.US,M:Monthly,US:United States,Per cent per year,Units,1970-01-31,F:Free,,A:Normal value,9.38
"BIS,WS_CBPOL,1.0",M.US,M:Monthly,US:United States,Per cent per year,Units,1970-02-28,F:Free,,A:Normal value,8.5
"BIS,WS_CBPOL,1.0",M.US,M:Monthly,US:United States,Per cent per year,Units,1970-03-31,F:Free,,A:Normal value,7.5
"BIS,WS_CBPOL,1.0",M.US,M:Monthly,US:United States,Per cent per year,Units,1970-04-30,F:Free,,A:Normal value,8.5
"BIS,WS_CBPOL,1.0",M.US,M:Monthly,US:United States,Per cent per year,Units,1970-05-31,F:Free,,A:Normal value,7.88
"BIS,WS_CBPOL,1.0",M.US,M:Monthly,US:United States,Per cent per year,Units,1970-06-30,F:Free,,A:Normal value,5.75
"BIS,WS_CBPOL,1.0",M.US,M:Monthly,US:United States,Per cent per year,Units,1970-07-31,F:Free,,A:Normal value,6.75
"BIS,WS_CBPOL,1.0",M.US,M:Monthly,US:United States,Per cent per year,Units,1970-08-31,F:Free,,A:Normal value,6.5
"BIS,WS_CBPOL,1.0",M.US,M:Monthly,US:United States,Per cent per year,Units,1970-09-30,F:Free,,A:Normal value,5.0
"BIS,WS_CBPOL,1.0",M.US,M:Monthly,US:United States,Per cent per year,Units,1970-10-31,F:Free,,A:Normal value,6.13
"BIS,WS_CBPOL,1.0",M.US,M:Monthly,US:United States,Per cent per year,Units,1970-11-30,F:Free,,A:Normal value,5.5
"BIS,WS_CBPOL,1.0",M.US,M:Monthly,US:United States,Per cent per year,Units,1970-12-31,F:Free,,A:Normal value,3.0
"BIS,WS_CBPOL,1.0",M.US,M:Monthly,US:United States,Per cent per year,Units,1971-01-31,F:Free,,A:Normal value,4.0
"BIS,WS_CBPOL,1.0",M.US,M:Monthly,US:United States,Per cent per year,Units,1971-02-28,F:Free,,A:Normal value,3.38
"BIS,WS_CBPOL,1.0",M.US,M:Monthly,US:United States,Per cent per year,Units,1971-03-31,F:Free,,A:Normal value,4.5
"BIS,WS_CBPOL,1.0",M.US,M:Monthly,US:United States,Per cent per year,Units,1971-04-30,F:Free,,A:Normal value,4.25
"BIS,WS_CBPOL,1.0",M.US,M:Monthly,US:United States,Per cent per year,Units,1971-05-31,F:Free,,A:Normal value,4.88
"BIS,WS_CBPOL,1.0",M.US,M:Monthly,US:United States,Per cent per year,Units,1971-06-30,F:Free,,A:Normal value,4.75
"BIS,WS_CBPOL,1.0",M.US,M:Monthly,US:United States,Per cent per year,Units,1971-07-31,F:Free,,A:Normal value,5.5
"BIS,WS_CBPOL,1.0",M.US,M:Monthly,US:United States,Per cent per year,Units,1971-08-31,F:Free,,A:Normal value,5.75
"BIS,WS_CBPOL,1.0",M.US,M:Monthly,US:United States,Per cent per year,Units,1971-09-30,F:Free,,A:Normal value,5.38
"BIS,WS_CBPOL,1.0",M.US,M:Monthly,US:United States,Per cent per year,Units,1971-10-31,F:Free,,A:Normal value,5.13
"BIS,WS_CBPOL,1.0",M.US,M:Monthly,US:United States,Per cent per year,Units,1971-11-30,F:Free,,A:Normal value,4.25
"BIS,WS_CBPOL,1.0",M.US,M:Monthly,US:United States,Per cent per year,Units,1971-12-31,F:Free,,A:Normal value,3.0
"BIS,WS_CBPOL,1.0",M.US,M:Monthly,US:United States,Per cent per year,Units,1972-01-31,F:Free,,A:Normal value,3.13
"BIS,WS_CBPOL,1.0",M.US,M:Monthly,US:United States,Per cent per year,Units,1972-02-29,F:Free,,A:Normal value,3.25
"BIS,WS_CBPOL,1.0",M.US,M:Monthly,US:United States,Per cent per year,Units,1972-03-31,F:Free,,A:Normal value,4.0
"BIS,WS_CBPOL,1.0",M.US,M:Monthly,US:United States,Per cent per year,Units,1972-04-30,F:Free,,A:Normal value,4.31
"BIS,WS_CBPOL,1.0",M.US,M:Monthly,US:United States,Per cent per year,Units,1972-05-31,F:Free,,A:Normal value,4.75
"BIS,WS_CBPOL,1.0",M.US,M:Monthly,US:United States,Per cent per year,Units,1972-06-30,F:Free,,A:Normal value,4.5
"BIS,WS_CBPOL,1.0",M.US,M:Monthly,US:United States,Per cent per year,Units,1972-07-31,F:Free,,A:Normal value,4.5
"BIS,WS_CBPOL,1.0",M.US,M:Monthly,US:United States,Per cent per year,Units,1972-08-31,F:Free,,A:Normal value,5.13
"BIS,WS_CBPOL,1.0",M.US,M:Monthly,US:United States,Per cent per year,Units,1972-09-30,F:Free,,A:Normal value,4.88
"BIS,WS_CBPOL,1.0",M.US,M:Monthly,US:United States,Per cent per year,Units,1972-10-31,F:Free,,A:Normal value,4.88
"BIS,WS_CBPOL,1.0",M.US,M:Monthly,US:United States,Per cent per year,Units,1972-11-30,F:Free,,A:Normal value,5.19
"BIS,WS_CBPOL,1.0",M.US,M:Monthly,US:United States,Per cent per year,Units,1972-12-31,F:Free,,A:Normal value,5.5
"BIS,WS_CBPOL,1.0",M.US,M:Monthly,US:United States,Per cent per year,Units,1973-01-31,F:Free,,A:Normal value,6.5
"BIS,WS_CBPOL,1.0",M.US,M:Monthly,US:United States,Per cent per year,Units,1973-02-28,F:Free,,A:Normal value,7.5
"BIS,WS_CBPOL,1.0",M.US,M:Monthly,US:United States,Per cent per year,Units,1973-03-31,F:Free,,A:Normal value,7.38
"BIS,WS_CBPOL,1.0",M.US,M:Monthly,US:United States,Per cent per year,Units,1973-04-30,F:Free,,A:Normal value,7.63
"BIS,WS_CBPOL,1.0",M.US,M:Monthly,US:United States,Per cent per year,Units,1973-05-31,F:Free,,A:Normal value,8.13
"BIS,WS_CBPOL,1.0",M.US,M:Monthly,US:United States,Per cent per year,Units,1973-06-30,F:Free,,A:Normal value,8.88
"BIS,WS_CBPOL,1.0",M.US,M:Monthly,US:United States,Per cent per year,Units,1973-07-31,F:Free,,A:Normal value,11.22
"BIS,WS_CBPOL,1.0",M.US,M:Monthly,US:United States,Per cent per year,Units,1973-08-31,F:Free,,A:Normal value,11.22
"BIS,WS_CBPOL,1.0",M.US,M:Monthly,US:United States,Per cent per year,Units,1973-09-30,F:Free,,A:Normal value,10.82
"BIS,WS_CBPOL,1.0",M.US,M:Monthly,US:United States,Per cent per year,Units,1973-10-31,F:Free,,A:Normal value,10.61
"BIS,WS_CBPOL,1.0",M.US,M:Monthly,US:United States,Per cent per year,Units,1973-11-30,F:Free,,A:Normal value,10.34
"BIS,WS_CBPOL,1.0",M.US,M:Monthly,US:United States,Per cent per year,Units,1973-12-31,F:Free,,A:Normal value,9.83
"BIS,WS_CBPOL,1.0",M.US,M:Monthly,US:United States,Per cent per year,Units,1974-01-31,F:Free,,A:Normal value,9.31
"BIS,WS_CBPOL,1.0",M.US,M:Monthly,US:United States,Per cent per year,Units,1974-02-28,F:Free,,A:Normal value,8.87
"BIS,WS_CBPOL,1.0",M.US,M:Monthly,US:United States,Per cent per year,Units,1974-03-31,F:Free,,A:Normal value,9.95
"BIS,WS_CBPOL,1.0",M.US,M:Monthly,US:United States,Per cent per year,Units,1974-04-30,F:Free,,A:Normal value,11.0
"BIS,WS_CBPOL,1.0",M.US,M:Monthly,US:United States,Per cent per year,Units,1974-05-31,F:Free,,A:Normal value,11.64
"BIS,WS_CBPOL,1.0",M.US,M:Monthly,US:United States,Per cent per year,Units,1974-06-30,F:Free,,A:Normal value,13.31
"BIS,WS_CBPOL,1.0",M.US,M:Monthly,US:United States,Per cent per year,Units,1974-07-31,F:Free,,A:Normal value,12.06
"BIS,WS_CBPOL,1.0",M.US,M:Monthly,US:United States,Per cent per year,Units,1974-08-31,F:Free,,A:Normal value,11.6
"BIS,WS_CBPOL,1.0",M.US,M:Monthly,US:United States,Per cent per year,Units,1974-09-30,F:Free,,A:Normal value,11.11
"BIS,WS_CBPOL,1.0",M.US,M:Monthly,US:United States,Per cent per year,Units,1974-10-31,F:Free,,A:Normal value,9.66
"BIS,WS_CBPOL,1.0",M.US,M:Monthly,US:United States,Per cent per year,Units,1974-11-30,F:Free,,A:Normal value,9.47
"BIS,WS_CBPOL,1.0",M.US,M:Monthly,US:United States,Per cent per year,Units,1974-12-31,F:Free,,A:Normal value,3.87
"BIS,WS_CBPOL,1.0",M.US,M:Monthly,US:United States,Per cent per year,Units,1975-01-31,F:Free,,A:Normal value,6.76
"BIS,WS_CBPOL,1.0",M.US,M:Monthly,US:United States,Per cent per year,Units,1975-02-28,F:Free,,A:Normal value,6.07
"BIS,WS_CBPOL,1.0",M.US,M:Monthly,US:United States,Per cent per year,Units,1975-03-31,F:Free,,A:Normal value,5.39
"BIS,WS_CBPOL,1.0",M.US,M:Monthly,US:United States,Per cent per year,Units,1975-04-30,F:Free,,A:Normal value,7.03
"BIS,WS_CBPOL,1.0",M.US,M:Monthly,US:United States,Per cent per year,Units,1975-05-31,F:Free,,A:Normal value,5.23
"BIS,WS_CBPOL,1.0",M.US,M:Monthly,US:United States,Per cent per year,Units,1975-06-30,F:Free,,A:Normal value,5.97
"BIS,WS_CBPOL,1.0",M.US,M:Monthly,US:United States,Per cent per year,Units,1975-07-31,F:Free,,A:Normal value,6.23
"BIS,WS_CBPOL,1.0",M.US,M:Monthly,US:United States,Per cent per year,Units,1975-08-31,F:Free,,A:Normal value,6.13
"BIS,WS_CBPOL,1.0",M.US,M:Monthly,US:United States,Per cent per year,Units,1975-09-30,F:Free,,A:Normal value,6.22
"BIS,WS_CBPOL,1.0",M.US,M:Monthly,US:United States,Per cent per year,Units,1975-10-31,F:Free,,A:Normal value,5.65
"BIS,WS_CBPOL,1.0",M.US,M:Monthly,US:United States,Per cent per year,Units,1975-11-30,F:Free,,A:Normal value,5.29
"BIS,WS_CBPOL,1.0",M.US,M:Monthly,US:United States,Per cent per year,Units,1975-12-31,F:Free,,A:Normal value,5.37
"BIS,WS_CBPOL,1.0",M.US,M:Monthly,US:United States,Per cent per year,Units,1976-01-31,F:Free,,A:Normal value,4.84
"BIS,WS_CBPOL,1.0",M.US,M:Monthly,US:United States,Per cent per year,Units,1976-02-29,F:Free,,A:Normal value,4.89
"BIS,WS_CBPOL,1.0",M.US,M:Monthly,US:United States,Per cent per year,Units,1976-03-31,F:Free,,A:Normal value,5.07
"BIS,WS_CBPOL,1.0",M.US,M:Monthly,US:United States,Per cent per year,Units,1976-04-30,F:Free,,A:Normal value,5.1
"BIS,WS_CBPOL,1.0",M.US,M:Monthly,US:United States,Per cent per year,Units,1976-05-31,F:Free,,A:Normal value,5.67
"BIS,WS_CBPOL,1.0",M.US,M:Monthly,US:United States,Per cent per year,Units,1976-06-30,F:Free,,A:Normal value,5.71
"BIS,WS_CBPOL,1.0",M.US,M:Monthly,US:United States,Per cent per year,Units,1976-07-31,F:Free,,A:Normal value,5.32
"BIS,WS_CBPOL,1.0",M.US,M:Monthly,US:United States,Per cent per year,Units,1976-08-31,F:Free,,A:Normal value,5.31
"BIS,WS_CBPOL,1.0",M.US,M:Monthly,US:United States,Per cent per year,Units,1976-09-30,F:Free,,A:Normal value,5.31
"BIS,WS_CBPOL,1.0",M.US,M:Monthly,US:United States,Per cent per year,Units,1976-10-31,F:Free,,A:Normal value,5.02
"BIS,WS_CBPOL,1.0",M.US,M:Monthly,US:United States,Per cent per year,Units,1976-11-30,F:Free,,A:Normal value,4.69
"BIS,WS_CBPOL,1.0",M.US,M:Monthly,US:United States,Per cent per year,Units,1976-12-31,F:Free,,A:Normal value,4.17
"BIS,WS_CBPOL,1.0",M.US,M:Monthly,US:United States,Per cent per year,Units,1977-01-31,F:Free,,A:Normal value,4.65
"BIS,WS_CBPOL,1.0",M.US,M:Monthly,US:United States,Per cent per year,Units,1977-02-28,F:Free,,A:Normal value,4.73
"BIS,WS_CBPOL,1.0",M.US,M:Monthly,US:United States,Per cent per year,Units,1977-03-31,F:Free,,A:Normal value,4.72
"BIS,WS_CBPOL,1.0",M.US,M:Monthly,US:United States,Per cent per year,Units,1977-04-30,F:Free,,A:Normal value,5.12
"BIS,WS_CBPOL,1.0",M.US,M:Monthly,US:United States,Per cent per year,Units,1977-05-31,F:Free,,A:Normal value,5.47
"BIS,WS_CBPOL,1.0",M.US,M:Monthly,US:United States,Per cent per year,Units,1977-06-30,F:Free,,A:Normal value,5.64
"BIS,WS_CBPOL,1.0",M.US,M:Monthly,US:United States,Per cent per year,Units,1977-07-31,F:Free,,A:Normal value,5.86
"BIS,WS_CBPOL,1.0",M.US,M:Monthly,US:United States,Per cent per year,Units,1977-08-31,F:Free,,A:Normal value,6.03
"BIS,WS_CBPOL,1.0",M.US,M:Monthly,US:United States,Per cent per year,Units,1977-09-30,F:Free,,A:Normal value,6.46
"BIS,WS_CBPOL,1.0",M.US,M:Monthly,US:United States,Per cent per year,Units,1977-10-31,F:Free,,A:Normal value,6.6
"BIS,WS_CBPOL,1.0",M.US,M:Monthly,US:United States,Per cent per year,Units,1977-11-30,F:Free,,A:Normal value,6.56
"BIS,WS_CBPOL,1.0",M.US,M:Monthly,US:United States,Per cent per year,Units,1977-12-31,F:Free,,A:Normal value,6.53
"BIS,WS_CBPOL,1.0",M.US,M:Monthly,US:United States,Per cent per year,Units,1978-01-31,F:Free,,A:Normal value,6.79
"BIS,WS_CBPOL,1.0",M.US,M:Monthly,US:United States,Per cent per year,Units,1978-02-28,F:Free,,A:Normal value,6.83
"BIS,WS_CBPOL,1.0",M.US,M:Monthly,US:United States,Per cent per year,Units,1978-03-31,F:Free,,A:Normal value,6.97
"BIS,WS_CBPOL,1.0",M.US,M:Monthly,US:United States,Per cent per year,Units,1978-04-30,F:Free,,A:Normal value,7.25
"BIS,WS_CBPOL,1.0",M.US,M:Monthly,US:United States,Per cent per year,Units,1978-05-31,F:Free,,A:Normal value,7.43
"BIS,WS_CBPOL,1.0",M.US,M:Monthly,US:United States,Per cent per year,Units,1978-06-30,F:Free,,A:Normal value,8.01
"BIS,WS_CBPOL,1.0",M.US,M:Monthly,US:United States,Per cent per year,Units,1978-07-31,F:Free,,A:Normal value,8.0
"BIS,WS_CBPOL,1.0",M.US,M:Monthly,US:United States,Per cent per year,Units,1978-08-31,F:Free,,A:Normal value,8.4
"BIS,WS_CBPOL,1.0",M.US,M:Monthly,US:United States,Per cent per year,Units,1978-09-30,F:Free,,A:Normal value,8.9
"BIS,WS_CBPOL,1.0",M.US,M:Monthly,US:United States,Per cent per year,Units,1978-10-31,F:Free,,A:Normal value,9.35
"BIS,WS_CBPOL,1.0",M.US,M:Monthly,US:United States,Per cent per year,Units,1978-11-30,F:Free,,A:Normal value,9.94
"BIS,WS_CBPOL,1.0",M.US,M:Monthly,US:United States,Per cent per year,Units,1978-12-31,F:Free,,A:Normal value,10.84
"BIS,WS_CBPOL,1.0",M.US,M:Monthly,US:United States,Per cent per year,Units,1979-01-31,F:Free,,A:Normal value,10.57
"BIS,WS_CBPOL,1.0",M.US,M:Monthly,US:United States,Per cent per year,Units,1979-02-28,F:Free,,A:Normal value,10.24
"BIS,WS_CBPOL,1.0",M.US,M:Monthly,US:United States,Per cent per year,Units,1979-03-31,F:Free,,A:Normal value,10.07
"BIS,WS_CBPOL,1.0",M.US,M:Monthly,US:United States,Per cent per year,Units,1979-04-30,F:Free,,A:Normal value,10.43
"BIS,WS_CBPOL,1.0",M.US,M:Monthly,US:United States,Per cent per year,Units,1979-05-31,F:Free,,A:Normal value,10.31
"BIS,WS_CBPOL,1.0",M.US,M:Monthly,US:United States,Per cent per year,Units,1979-06-30,F:Free,,A:Normal value,10.54
"BIS,WS_CBPOL,1.0",M.US,M:Monthly,US:United States,Per cent per year,Units,1979-07-31,F:Free,,A:Normal value,10.81
"BIS,WS_CBPOL,1.0",M.US,M:Monthly,US:United States,Per cent per year,Units,1979-08-31,F:Free,,A:Normal value,11.29
"BIS,WS_CBPOL,1.0",M.US,M:Monthly,US:United States,Per cent per year,Units,1979-09-30,F:Free,,A:Normal value,12.16
"BIS,WS_CBPOL,1.0",M.US,M:Monthly,US:United States,Per cent per year,Units,1979-10-31,F:Free,,A:Normal value,14.82
"BIS,WS_CBPOL,1.0",M.US,M:Monthly,US:United States,Per cent per year,Units,1979-11-30,F:Free,,A:Normal value,13.96
"BIS,WS_CBPOL,1.0",M.US,M:Monthly,US:United States,Per cent per year,Units,1979-12-31,F:Free,,A:Normal value,14.77
"BIS,WS_CBPOL,1.0",M.US,M:Monthly,US:United States,Per cent per year,Units,1980-01-31,F:Free,,A:Normal value,13.4
"BIS,WS_CBPOL,1.0",M.US,M:Monthly,US:United States,Per cent per year,Units,1980-02-29,F:Free,,A:Normal value,16.33
"BIS,WS_CBPOL,1.0",M.US,M:Monthly,US:United States,Per cent per year,Units,1980-03-31,F:Free,,A:Normal value,19.85
"BIS,WS_CBPOL,1.0",M.US,M:Monthly,US:United States,Per cent per year,Units,1980-04-30,F:Free,,A:Normal value,14.64
"BIS,WS_CBPOL,1.0",M.US,M:Monthly,US:United States,Per cent per year,Units,1980-05-31,F:Free,,A:Normal value,11.06
"BIS,WS_CBPOL,1.0",M.US,M:Monthly,US:United States,Per cent per year,Units,1980-06-30,F:Free,,A:Normal value,10.44
"BIS,WS_CBPOL,1.0",M.US,M:Monthly,US:United States,Per cent per year,Units,1980-07-31,F:Free,,A:Normal value,9.93
"BIS,WS_CBPOL,1.0",M.US,M:Monthly,US:United States,Per cent per year,Units,1980-08-31,F:Free,,A:Normal value,10.74
"BIS,WS_CBPOL,1.0",M.US,M:Monthly,US:United States,Per cent per year,Units,1980-09-30,F:Free,,A:Normal value,13.19
"BIS,WS_CBPOL,1.0",M.US,M:Monthly,US:United States,Per cent per year,Units,1980-10-31,F:Free,,A:Normal value,13.77
"BIS,WS_CBPOL,1.0",M.US,M:Monthly,US:United States,Per cent per year,Units,1980-11-30,F:Free,,A:Normal value,18.56
"BIS,WS_CBPOL,1.0",M.US,M:Monthly,US:United States,Per cent per year,Units,1980-12-31,F:Free,,A:Normal value,22.0
"BIS,WS_CBPOL,1.0",M.US,M:Monthly,US:United States,Per cent per year,Units,1981-01-31,F:Free,,A:Normal value,17.25
"BIS,WS_CBPOL,1.0",M.US,M:Monthly,US:United States,Per cent per year,Units,1981-02-28,F:Free,,A:Normal value,15.53
"BIS,WS_CBPOL,1.0",M.US,M:Monthly,US:United States,Per cent per year,Units,1981-03-31,F:Free,,A:Normal value,14.63
"BIS,WS_CBPOL,1.0",M.US,M:Monthly,US:United States,Per cent per year,Units,1981-04-30,F:Free,,A:Normal value,18.92
"BIS,WS_CBPOL,1.0",M.US,M:Monthly,US:United States,Per cent per year,Units,1981-05-31,F:Free,,A:Normal value,17.56
"BIS,WS_CBPOL,1.0",M.US,M:Monthly,US:United States,Per cent per year,Units,1981-06-30,F:Free,,A:Normal value,18.64
"BIS,WS_CBPOL,1.0",M.US,M:Monthly,US:United States,Per cent per year,Units,1981-07-31,F:Free,,A:Normal value,17.46
"BIS,WS_CBPOL,1.0",M.US,M:Monthly,US:United States,Per cent per year,Units,1981-08-31,F:Free,,A:Normal value,16.83
"BIS,WS_CBPOL,1.0",M.US,M:Monthly,US:United States,Per cent per year,Units,1981-09-30,F:Free,,A:Normal value,16.58
"BIS,WS_CBPOL,1.0",M.US,M:Monthly,US:United States,Per cent per year,Units,1981-10-31,F:Free,,A:Normal value,14.44
"BIS,WS_CBPOL,1.0",M.US,M:Monthly,US:United States,Per cent per year,Units,1981-11-30,F:Free,,A:Normal value,12.44
"BIS,WS_CBPOL,1.0",M.US,M:Monthly,US:United States,Per cent per year,Units,1981-12-31,F:Free,,A:Normal value,13.13
"BIS,WS_CBPOL,1.0",M.US,M:Monthly,US:United States,Per cent per year,Units,1982-01-31,F:Free,,A:Normal value,14.21
"BIS,WS_CBPOL,1.0",M.US,M:Monthly,US:United States,Per cent per year,Units,1982-02-28,F:Free,,A:Normal value,13.74
"BIS,WS_CBPOL,1.0",M.US,M:Monthly,US:United States,Per cent per year,Units,1982-03-31,F:Free,,A:Normal value,16.8
"BIS,WS_CBPOL,1.0",M.US,M:Monthly,US:United States,Per cent per year,Units,1982-04-30,F:Free,,A:Normal value,15.28
"BIS,WS_CBPOL,1.0",M.US,M:Monthly,US:United States,Per cent per year,Units,1982-05-31,F:Free,,A:Normal value,13.38
"BIS,WS_CBPOL,1.0",M.US,M:Monthly,US:United States,Per cent per year,Units,1982-06-30,F:Free,,A:Normal value,14.58
"BIS,WS_CBPOL,1.0",M.US,M:Monthly,US:United States,Per cent per year,Units,1982-07-31,F:Free,,A:Normal value,11.41
"BIS,WS_CBPOL,1.0",M.US,M:Monthly,US:United States,Per cent per year,Units,1982-08-31,F:Free,,A:Normal value,10.63
"BIS,WS_CBPOL,1.0",M.US,M:Monthly,US:United States,Per cent per year,Units,1982-09-30,F:Free,,A:Normal value,12.17
"BIS,WS_CBPOL,1.0",M.US,M:Monthly,US:United States,Per cent per year,Units,1982-10-31,F:Free,,A:Normal value,9.41
"BIS,WS_CBPOL,1.0",M.US,M:Monthly,US:United States,Per cent per year,Units,1982-11-30,F:Free,,A:Normal value,8.93
"BIS,WS_CBPOL,1.0",M.US,M:Monthly,US:United States,Per cent per year,Units,1982-12-31,F:Free,,A:Normal value,11.2
"BIS,WS_CBPOL,1.0",M.US,M:Monthly,US:United States,Per cent per year,Units,1983-01-31,F:Free,,A:Normal value,8.56
"BIS,WS_CBPOL,1.0",M.US,M:Monthly,US:United States,Per cent per year,Units,1983-02-28,F:Free,,A:Normal value,8.53
"BIS,WS_CBPOL,1.0",M.US,M:Monthly,US:United States,Per cent per year,Units,1983-03-31,F:Free,,A:Normal value,10.81
"BIS,WS_CBPOL,1.0",M.US,M:Monthly,US:United States,Per cent per year,Units,1983-04-30,F:Free,,A:Normal value,8.84
"BIS,WS_CBPOL,1.0",M.US,M:Monthly,US:United States,Per cent per year,Units,1983-05-31,F:Free,,A:Normal value,8.94
"BIS,WS_CBPOL,1.0",M.US,M:Monthly,US:United States,Per cent per year,Units,1983-06-30,F:Free,,A:Normal value,10.06
"BIS,WS_CBPOL,1.0",M.US,M:Monthly,US:United States,Per cent per year,Units,1983-07-31,F:Free,,A:Normal value,9.52
"BIS,WS_CBPOL,1.0",M.US,M:Monthly,US:United States,Per cent per year,Units,1983-08-31,F:Free,,A:Normal value,9.59
"BIS,WS_CBPOL,1.0",M.US,M:Monthly,US:United States,Per cent per year,Units,1983-09-30,F:Free,,A:Normal value,10.59
"BIS,WS_CBPOL,1.0",M.US,M:Monthly,US:United States,Per cent per year,Units,1983-10-31,F:Free,,A:Normal value,9.43
"BIS,WS_CBPOL,1.0",M.US,M:Monthly,US:United States,Per cent per year,Units,1983-11-30,F:Free,,A:Normal value,9.34
"BIS,WS_CBPOL,1.0",M.US,M:Monthly,US:United States,Per cent per year,Units,1983-12-31,F:Free,,A:Normal value,9.92
"BIS,WS_CBPOL,1.0",M.US,M:Monthly,US:United States,Per cent per year,Units,1984-01-31,F:Free,,A:Normal value,9.35
"BIS,WS_CBPOL,1.0",M.US,M:Monthly,US:United States,Per cent per year,Units,1984-02-29,F:Free,,A:Normal value,9.45
"BIS,WS_CBPOL,1.0",M.US,M:Monthly,US:United States,Per cent per year,Units,1984-03-31,F:Free,,A:Normal value,10.24
"BIS,WS_CBPOL,1.0",M.US,M:Monthly,US:United States,Per cent per year,Units,1984-04-30,F:Free,,A:Normal value,10.9
"BIS,WS_CBPOL,1.0",M.US,M:Monthly,US:United States,Per cent per year,Units,1984-05-31,F:Free,,A:Normal value,10.81
"BIS,WS_CBPOL,1.0",M.US,M:Monthly,US:United States,Per cent per year,Units,1984-06-30,F:Free,,A:Normal value,10.85
"BIS,WS_CBPOL,1.0",M.US,M:Monthly,US:United States,Per cent per year,Units,1984-07-31,F:Free,,A:Normal value,11.83
"BIS,WS_CBPOL,1.0",M.US,M:Monthly,US:United States,Per cent per year,Units,1984-08-31,F:Free,,A:Normal value,11.64
"BIS,WS_CBPOL,1.0",M.US,M:Monthly,US:United States,Per cent per year,Units,1984-09-30,F:Free,,A:Normal value,11.23
"BIS,WS_CBPOL,1.0",M.US,M:Monthly,US:United States,Per cent per year,Units,1984-10-31,F:Free,,A:Normal value,9.99
"BIS,WS_CBPOL,1.0",M.US,M:Monthly,US:United States,Per cent per year,Units,1984-11-30,F:Free,,A:Normal value,8.92
"BIS,WS_CBPOL,1.0",M.US,M:Monthly,US:United States,Per cent per year,Units,1984-12-31,F:Free,,A:Normal value,8.74
"BIS,WS_CBPOL,1.0",M.US,M:Monthly,US:United States,Per cent per year,Units,1985-01-31,F:Free,,A:Normal value,8.73
"BIS,WS_CBPOL,1.0",M.US,M:Monthly,US:United States,Per cent per year,Units,1985-02-28,F:Free,,A:Normal value,8.74
"BIS,WS_CBPOL,1.0",M.US,M:Monthly,US:United States,Per cent per year,Units,1985-03-31,F:Free,,A:Normal value,8.58
"BIS,WS_CBPOL,1.0",M.US,M:Monthly,US:United States,Per cent per year,Units,1985-04-30,F:Free,,A:Normal value,8.58
"BIS,WS_CBPOL,1.0",M.US,M:Monthly,US:United States,Per cent per year,Units,1985-05-31,F:Free,,A:Normal value,7.64
"BIS,WS_CBPOL,1.0",M.US,M:Monthly,US:United States,Per cent per year,Units,1985-06-30,F:Free,,A:Normal value,7.95
"BIS,WS_CBPOL,1.0",M.US,M:Monthly,US:United States,Per cent per year,Units,1985-07-31,F:Free,,A:Normal value,8.61
"BIS,WS_CBPOL,1.0",M.US,M:Monthly,US:United States,Per cent per year,Units,1985-08-31,F:Free,,A:Normal value,7.8
"BIS,WS_CBPOL,1.0",M.US,M:Monthly,US:United States,Per cent per year,Units,1985-09-30,F:Free,,A:Normal value,8.84
"BIS,WS_CBPOL,1.0",M.US,M:Monthly,US:United States,Per cent per year,Units,1985-10-31,F:Free,,A:Normal value,8.08
"BIS,WS_CBPOL,1.0",M.US,M:Monthly,US:United States,Per cent per year,Units,1985-11-30,F:Free,,A:Normal value,8.54
"BIS,WS_CBPOL,1.0",M.US,M:Monthly,US:United States,Per cent per year,Units,1985-12-31,F:Free,,A:Normal value,7.75
"BIS,WS_CBPOL,1.0",M.US,M:Monthly,US:United States,Per cent per year,Units,1986-01-31,F:Free,,A:Normal value,7.75
"BIS,WS_CBPOL,1.0",M.US,M:Monthly,US:United States,Per cent per year,Units,1986-02-28,F:Free,,A:Normal value,7.75
"BIS,WS_CBPOL,1.0",M.US,M:Monthly,US:United States,Per cent per year,Units,1986-03-31,F:Free,,A:Normal value,7.25
"BIS,WS_CBPOL,1.0",M.US,M:Monthly,US:United States,Per cent per year,Units,1986-04-30,F:Free,,A:Normal value,6.75
"BIS,WS_CBPOL,1.0",M.US,M:Monthly,US:United States,Per cent per year,Units,1986-05-31,F:Free,,A:Normal value,6.8125
"BIS,WS_CBPOL,1.0",M.US,M:Monthly,US:United States,Per cent per year,Units,1986-06-30,F:Free,,A:Normal value,6.875
"BIS,WS_CBPOL,1.0",M.US,M:Monthly,US:United States,Per cent per year,Units,1986-07-31,F:Free,,A:Normal value,6.375
"BIS,WS_CBPOL,1.0",M.US,M:Monthly,US:United States,Per cent per year,Units,1986-08-31,F:Free,,A:Normal value,5.875
"BIS,WS_CBPOL,1.0",M.US,M:Monthly,US:United States,Per cent per year,Units,1986-09-30,F:Free,,A:Normal value,5.875
"BIS,WS_CBPOL,1.0",M.US,M:Monthly,US:United States,Per cent per year,Units,1986-10-31,F:Free,,A:Normal value,5.875
"BIS,WS_CBPOL,1.0",M.US,M:Monthly,US:United States,Per cent per year,Units,1986-11-30,F:Free,,A:Normal value,5.875
"BIS,WS_CBPOL,1.0",M.US,M:Monthly,US:United States,Per cent per year,Units,1986-12-31,F:Free,,A:Normal value,5.875
"BIS,WS_CBPOL,1.0",M.US,M:Monthly,US:United States,Per cent per year,Units,1987-01-31,F:Free,,A:Normal value,6.0
"BIS,WS_CBPOL,1.0",M.US,M:Monthly,US:United States,Per cent per year,Units,1987-02-28,F:Free,,A:Normal value,6.0
"BIS,WS_CBPOL,1.0",M.US,M:Monthly,US:United States,Per cent per year,Units,1987-03-31,F:Free,,A:Normal value,6.0
"BIS,WS_CBPOL,1.0",M.US,M:Monthly,US:United States,Per cent per year,Units,1987-04-30,F:Free,,A:Normal value,6.5
"BIS,WS_CBPOL,1.0",M.US,M:Monthly,US:United States,Per cent per year,Units,1987-05-31,F:Free,,A:Normal value,6.75
"BIS,WS_CBPOL,1.0",M.US,M:Monthly,US:United States,Per cent per year,Units,1987-06-30,F:Free,,A:Normal value,6.75
"BIS,WS_CBPOL,1.0",M.US,M:Monthly,US:United States,Per cent per year,Units,1987-07-31,F:Free,,A:Normal value,6.625
"BIS,WS_CBPOL,1.0",M.US,M:Monthly,US:United States,Per cent per year,Units,1987-08-31,F:Free,,A:Normal value,6.75
"BIS,WS_CBPOL,1.0",M.US,M:Monthly,US:United States,Per cent per year,Units,1987-09-30,F:Free,,A:Normal value,7.3125
"BIS,WS_CBPOL,1.0",M.US,M:Monthly,US:United States,Per cent per year,Units,1987-10-31,F:Free,,A:Normal value,7.3125
"BIS,WS_CBPOL,1.0",M.US,M:Monthly,US:United States,Per cent per year,Units,1987-11-30,F:Free,,A:Normal value,6.8125
"BIS,WS_CBPOL,1.0",M.US,M:Monthly,US:United States,Per cent per year,Units,1987-12-31,F:Free,,A:Normal value,6.8125
"BIS,WS_CBPOL,1.0",M.US,M:Monthly,US:United States,Per cent per year,Units,1988-01-31,F:Free,,A:Normal value,6.625
"BIS,WS_CBPOL,1.0",M.US,M:Monthly,US:United States,Per cent per year,Units,1988-02-29,F:Free,,A:Normal value,6.5
"BIS,WS_CBPOL,1.0",M.US,M:Monthly,US:United States,Per cent per year,Units,1988-03-31,F:Free,,A:Normal value,6.75
"BIS,WS_CBPOL,1.0",M.US,M:Monthly,US:United States,Per cent per year,Units,1988-04-30,F:Free,,A:Normal value,6.75
"BIS,WS_CBPOL,1.0",M.US,M:Monthly,US:United States,Per cent per year,Units,1988-05-31,F:Free,,A:Normal value,7.25
"BIS,WS_CBPOL,1.0",M.US,M:Monthly,US:United States,Per cent per year,Units,1988-06-30,F:Free,,A:Normal value,7.4375
"BIS,WS_CBPOL,1.0",M.US,M:Monthly,US:United States,Per cent per year,Units,1988-07-31,F:Free,,A:Normal value,7.6875
"BIS,WS_CBPOL,1.0",M.US,M:Monthly,US:United States,Per cent per year,Units,1988-08-31,F:Free,,A:Normal value,8.125
"BIS,WS_CBPOL,1.0",M.US,M:Monthly,US:United States,Per cent per year,Units,1988-09-30,F:Free,,A:Normal value,8.125
"BIS,WS_CBPOL,1.0",M.US,M:Monthly,US:United States,Per cent per year,Units,1988-10-31,F:Free,,A:Normal value,8.125
"BIS,WS_CBPOL,1.0",M.US,M:Monthly,US:United States,Per cent per year,Units,1988-11-30,F:Free,,A:Normal value,8.375
"BIS,WS_CBPOL,1.0",M.US,M:Monthly,US:United States,Per cent per year,Units,1988-12-31,F:Free,,A:Normal value,8.6875
"BIS,WS_CBPOL,1.0",M.US,M:Monthly,US:United States,Per cent per year,Units,1989-01-31,F:Free,,A:Normal value,9.0
"BIS,WS_CBPOL,1.0",M.US,M:Monthly,US:United States,Per cent per year,Units,1989-02-28,F:Free,,A:Normal value,9.75
"BIS,WS_CBPOL,1.0",M.US,M:Monthly,US:United States,Per cent per year,Units,1989-03-31,F:Free,,A:Normal value,9.75
"BIS,WS_CBPOL,1.0",M.US,M:Monthly,US:United States,Per cent per year,Units,1989-04-30,F:Free,,A:Normal value,9.75
"BIS,WS_CBPOL,1.0",M.US,M:Monthly,US:United States,Per cent per year,Units,1989-05-31,F:Free,,A:Normal value,9.8125
"BIS,WS_CBPOL,1.0",M.US,M:Monthly,US:United States,Per cent per year,Units,1989-06-30,F:Free,,A:Normal value,9.5625
"BIS,WS_CBPOL,1.0",M.US,M:Monthly,US:United States,Per cent per year,Units,1989-07-31,F:Free,,A:Normal value,9.0625
"BIS,WS_CBPOL,1.0",M.US,M:Monthly,US:United States,Per cent per year,Units,1989-08-31,F:Free,,A:Normal value,9.0625
"BIS,WS_CBPOL,1.0",M.US,M:Monthly,US:United States,Per cent per year,Units,1989-09-30,F:Free,,A:Normal value,9.0625
"BIS,WS_CBPOL,1.0",M.US,M:Monthly,US:United States,Per cent per year,Units,1989-10-31,F:Free,,A:Normal value,8.75
"BIS,WS_CBPOL,1.0",M.US,M:Monthly,US:United States,Per cent per year,Units,1989-11-30,F:Free,,A:Normal value,8.5
"BIS,WS_CBPOL,1.0",M.US,M:Monthly,US:United States,Per cent per year,Units,1989-12-31,F:Free,,A:Normal value,8.25
"BIS,WS_CBPOL,1.0",M.US,M:Monthly,US:United States,Per cent per year,Units,1990-01-31,F:Free,,A:Normal value,8.25
"BIS,WS_CBPOL,1.0",M.US,M:Monthly,US:United States,Per cent per year,Units,1990-02-28,F:Free,,A:Normal value,8.25
"BIS,WS_CBPOL,1.0",M.US,M:Monthly,US:United States,Per cent per year,Units,1990-03-31,F:Free,,A:Normal value,8.25
"BIS,WS_CBPOL,1.0",M.US,M:Monthly,US:United States,Per cent per year,Units,1990-04-30,F:Free,,A:Normal value,8.25
"BIS,WS_CBPOL,1.0",M.US,M:Monthly,US:United States,Per cent per year,Units,1990-05-31,F:Free,,A:Normal value,8.25
"BIS,WS_CBPOL,1.0",M.US,M:Monthly,US:United States,Per cent per year,Units,1990-06-30,F:Free,,A:Normal value,8.25
"BIS,WS_CBPOL,1.0",M.US,M:Monthly,US:United States,Per cent per year,Units,1990-07-31,F:Free,,A:Normal value,8.0
"BIS,WS_CBPOL,1.0",M.US,M:Monthly,US:United States,Per cent per year,Units,1990-08-31,F:Free,,A:Normal value,8.0
"BIS,WS_CBPOL,1.0",M.US,M:Monthly,US:United States,Per cent per year,Units,1990-09-30,F:Free,,A:Normal value,8.0
"BIS,WS_CBPOL,1.0",M.US,M:Monthly,US:United States,Per cent per year,Units,1990-10-31,F:Free,,A:Normal value,7.75
"BIS,WS_CBPOL,1.0",M.US,M:Monthly,US:United States,Per cent per year,Units,1990-11-30,F:Free,,A:Normal value,7.5
"BIS,WS_CBPOL,1.0",M.US,M:Monthly,US:United States,Per cent per year,Units,1990-12-31,F:Free,,A:Normal value,7.0
"BIS,WS_CBPOL,1.0",M.US,M:Monthly,US:United States,Per cent per year,Units,1991-01-31,F:Free,,A:Normal value,6.75
"BIS,WS_CBPOL,1.0",M.US,M:Monthly,US:United States,Per cent per year,Units,1991-02-28,F:Free,,A:Normal value,6.25
"BIS,WS_CBPOL,1.0",M.US,M:Monthly,US:United States,Per cent per year,Units,1991-03-31,F:Free,,A:Normal value,6.0
"BIS,WS_CBPOL,1.0",M.US,M:Monthly,US:United States,Per cent per year,Units,1991-04-30,F:Free,,A:Normal value,5.75
"BIS,WS_CBPOL,1.0",M.US,M:Monthly,US:United States,Per cent per year,Units,1991-05-31,F:Free,,A:Normal value,5.75
"BIS,WS_CBPOL,1.0",M.US,M:Monthly,US:United States,Per cent per year,Units,1991-06-30,F:Free,,A:Normal value,5.75
"BIS,WS_CBPOL,1.0",M.US,M:Monthly,US:United States,Per cent per year,Units,1991-07-31,F:Free,,A:Normal value,5.75
"BIS,WS_CBPOL,1.0",M.US,M:Monthly,US:United States,Per cent per year,Units,1991-08-31,F:Free,,A:Normal value,5.5
"BIS,WS_CBPOL,1.0",M.US,M:Monthly,US:United States,Per cent per year,Units,1991-09-30,F:Free,,A:Normal value,5.25
"BIS,WS_CBPOL,1.0",M.US,M:Monthly,US:United States,Per cent per year,Units,1991-10-31,F:Free,,A:Normal value,5.0
"BIS,WS_CBPOL,1.0",M.US,M:Monthly,US:United States,Per cent per year,Units,1991-11-30,F:Free,,A:Normal value,4.75
"BIS,WS_CBPOL,1.0",M.US,M:Monthly,US:United States,Per cent per year,Units,1991-12-31,F:Free,,A:Normal value,4.0
"BIS,WS_CBPOL,1.0",M.US,M:Monthly,US:United States,Per cent per year,Units,1992-01-31,F:Free,,A:Normal value,4.0
"BIS,WS_CBPOL,1.0",M.US,M:Monthly,US:United States,Per cent per year,Units,1992-02-29,F:Free,,A:Normal value,4.0
"BIS,WS_CBPOL,1.0",M.US,M:Monthly,US:United States,Per cent per year,Units,1992-03-31,F:Free,,A:Normal value,4.0
"BIS,WS_CBPOL,1.0",M.US,M:Monthly,US:United States,Per cent per year,Units,1992-04-30,F:Free,,A:Normal value,3.75
"BIS,WS_CBPOL,1.0",M.US,M:Monthly,US:United States,Per cent per year,Units,1992-05-31,F:Free,,A:Normal value,3.75
"BIS,WS_CBPOL,1.0",M.US,M:Monthly,US:United States,Per cent per year,Units,1992-06-30,F:Free,,A:Normal value,3.75
"BIS,WS_CBPOL,1.0",M.US,M:Monthly,US:United States,Per cent per year,Units,1992-07-31,F:Free,,A:Normal value,3.25
"BIS,WS_CBPOL,1.0",M.US,M:Monthly,US:United States,Per cent per year,Units,1992-08-31,F:Free,,A:Normal value,3.25
"BIS,WS_CBPOL,1.0",M.US,M:Monthly,US:United States,Per cent per year,Units,1992-09-30,F:Free,,A:Normal value,3.0
"BIS,WS_CBPOL,1.0",M.US,M:Monthly,US:United States,Per cent per year,Units,1992-10-31,F:Free,,A:Normal value,3.0
"BIS,WS_CBPOL,1.0",M.US,M:Monthly,US:United States,Per cent per year,Units,1992-11-30,F:Free,,A:Normal value,3.0
"BIS,WS_CBPOL,1.0",M.US,M:Monthly,US:United States,Per cent per year,Units,1992-12-31,F:Free,,A:Normal value,3.0
"BIS,WS_CBPOL,1.0",M.US,M:Monthly,US:United States,Per cent per year,Units,1993-01-31,F:Free,,A:Normal value,3.0
"BIS,WS_CBPOL,1.0",M.US,M:Monthly,US:United States,Per cent per year,Units,1993-02-28,F:Free,,A:Normal value,3.0
"BIS,WS_CBPOL,1.0",M.US,M:Monthly,US:United States,Per cent per year,Units,1993-03-31,F:Free,,A:Normal value,3.0
"BIS,WS_CBPOL,1.0",M.US,M:Monthly,US:United States,Per cent per year,Units,1993-04-30,F:Free,,A:Normal value,3.0
"BIS,WS_CBPOL,1.0",M.US,M:Monthly,US:United States,Per cent per year,Units,1993-05-31,F:Free,,A:Normal value,3.0
"BIS,WS_CBPOL,1.0",M.US,M:Monthly,US:United States,Per cent per year,Units,1993-06-30,F:Free,,A:Normal value,3.0
"BIS,WS_CBPOL,1.0",M.US,M:Monthly,US:United States,Per cent per year,Units,1993-07-31,F:Free,,A:Normal value,3.0
"BIS,WS_CBPOL,1.0",M.US,M:Monthly,US:United States,Per cent per year,Units,1993-08-31,F:Free,,A:Normal value,3.0
"BIS,WS_CBPOL,1.0",M.US,M:Monthly,US:United States,Per cent per year,Units,1993-09-30,F:Free,,A:Normal value,3.0
"BIS,WS_CBPOL,1.0",M.US,M:Monthly,US:United States,Per cent per year,Units,1993-10-31,F:Free,,A:Normal value,3.0
"BIS,WS_CBPOL,1.0",M.US,M:Monthly,US:United States,Per cent per year,Units,1993-11-30,F:Free,,A:Normal value,3.0
"BIS,WS_CBPOL,1.0",M.US,M:Monthly,US:United States,Per cent per year,Units,1993-12-31,F:Free,,A:Normal value,3.0
"BIS,WS_CBPOL,1.0",M.US,M:Monthly,US:United States,Per cent per year,Units,1994-01-31,F:Free,,A:Normal value,3.0
"BIS,WS_CBPOL,1.0",M.US,M:Monthly,US:United States,Per cent per year,Units,1994-02-28,F:Free,,A:Normal value,3.25
"BIS,WS_CBPOL,1.0",M.US,M:Monthly,US:United States,Per cent per year,Units,1994-03-31,F:Free,,A:Normal value,3.5
"BIS,WS_CBPOL,1.0",M.US,M:Monthly,US:United States,Per cent per year,Units,1994-04-30,F:Free,,A:Normal value,3.75
"BIS,WS_CBPOL,1.0",M.US,M:Monthly,US:United States,Per cent per year,Units,1994-05-31,F:Free,,A:Normal value,4.25
"BIS,WS_CBPOL,1.0",M.US,M:Monthly,US:United States,Per cent per year,Units,1994-06-30,F:Free,,A:Normal value,4.25
"BIS,WS_CBPOL,1.0",M.US,M:Monthly,US:United States,Per cent per year,Units,1994-07-31,F:Free,,A:Normal value,4.25
"BIS,WS_CBPOL,1.0",M.US,M:Monthly,US:United States,Per cent per year,Units,1994-08-31,F:Free,,A:Normal value,4.75
"BIS,WS_CBPOL,1.0",M.US,M:Monthly,US:United States,Per cent per year,Units,1994-09-30,F:Free,,A:Normal value,4.75
"BIS,WS_CBPOL,1.0",M.US,M:Monthly,US:United States,Per cent per year,Units,1994-10-31,F:Free,,A:Normal value,4.75
"BIS,WS_CBPOL,1.0",M.US,M:Monthly,US:United States,Per cent per year,Units,1994-11-30,F:Free,,A:Normal value,5.5
"BIS,WS_CBPOL,1.0",M.US,M:Monthly,US:United States,Per cent per year,Units,1994-12-31,F:Free,,A:Normal value,5.5
"BIS,WS_CBPOL,1.0",M.US,M:Monthly,US:United States,Per cent per year,Units,1995-01-31,F:Free,,A:Normal value,5.5
"BIS,WS_CBPOL,1.0",M.US,M:Monthly,US:United States,Per cent per year,Units,1995-02-28,F:Free,,A:Normal value,6.0
"BIS,WS_CBPOL,1.0",M.US,M:Monthly,US:United States,Per cent per year,Units,1995-03-31,F:Free,,A:Normal value,6.0
"BIS,WS_CBPOL,1.0",M.US,M:Monthly,US:United States,Per cent per year,Units,1995-04-30,F:Free,,A:Normal value,6.0
"BIS,WS_CBPOL,1.0",M.US,M:Monthly,US:United States,Per cent per year,Units,1995-05-31,F:Free,,A:Normal value,6.0
"BIS,WS_CBPOL,1.0",M.US,M:Monthly,US:United States,Per cent per year,Units,1995-06-30,F:Free,,A:Normal value,6.0
"BIS,WS_CBPOL,1.0",M.US,M:Monthly,US:United States,Per cent per year,Units,1995-07-31,F:Free,,A:Normal value,5.75
"BIS,WS_CBPOL,1.0",M.US,M:Monthly,US:United States,Per cent per year,Units,1995-08-31,F:Free,,A:Normal value,5.75
"BIS,WS_CBPOL,1.0",M.US,M:Monthly,US:United States,Per cent per year,Units,1995-09-30,F:Free,,A:Normal value,5.75
"BIS,WS_CBPOL,1.0",M.US,M:Monthly,US:United States,Per cent per year,Units,1995-10-31,F:Free,,A:Normal value,5.75
"BIS,WS_CBPOL,1.0",M.US,M:Monthly,US:United States,Per cent per year,Units,1995-11-30,F:Free,,A:Normal value,5.75
"BIS,WS_CBPOL,1.0",M.US,M:Monthly,US:United States,Per cent per year,Units,1995-12-31,F:Free,,A:Normal value,5.5
"BIS,WS_CBPOL,1.0",M.US,M:Monthly,US:United States,Per cent per year,Units,1996-01-31,F:Free,,A:Normal value,5.25
"BIS,WS_CBPOL,1.0",M.US,M:Monthly,US:United States,Per cent per year,Units,1996-02-29,F:Free,,A:Normal value,5.25
"BIS,WS_CBPOL,1.0",M.US,M:Monthly,US:United States,Per cent per year,Units,1996-03-31,F:Free,,A:Normal value,5.25
"BIS,WS_CBPOL,1.0",M.US,M:Monthly,US:United States,Per cent per year,Units,1996-04-30,F:Free,,A:Normal value,5.25
"BIS,WS_CBPOL,1.0",M.US,M:Monthly,US:United States,Per cent per year,Units,1996-05-31,F:Free,,A:Normal value,5.25
"BIS,WS_CBPOL,1.0",M.US,M:Monthly,US:United States,Per cent per year,Units,1996-06-30,F:Free,,A:Normal value,5.25
"BIS,WS_CBPOL,1.0",M.US,M:Monthly,US:United States,Per cent per year,Units,1996-07-31,F:Free,,A:Normal value,5.25
"BIS,WS_CBPOL,1.0",M.US,M:Monthly,US:United States,Per cent per year,Units,1996-08-31,F:Free,,A:Normal value,5.25
"BIS,WS_CBPOL,1.0",M.US,M:Monthly,US:United States,Per cent per year,Units,1996-09-30,F:Free,,A:Normal value,5.25
"BIS,WS_CBPOL,1.0",M.US,M:Monthly,US:United States,Per cent per year,Units,1996-10-31,F:Free,,A:Normal value,5.25
"BIS,WS_CBPOL,1.0",M.US,M:Monthly,US:United States,Per cent per year,Units,1996-11-30,F:Free,,A:Normal value,5.25
"BIS,WS_CBPOL,1.0",M.US,M:Monthly,US:United States,Per cent per year,Units,1996-12-31,F:Free,,A:Normal value,5.25
"BIS,WS_CBPOL,1.0",M.US,M:Monthly,US:United States,Per cent per year,Units,1997-01-31,F:Free,,A:Normal value,5.25
"BIS,WS_CBPOL,1.0",M.US,M:Monthly,US:United States,Per cent per year,Units,1997-02-28,F:Free,,A:Normal value,5.25
"BIS,WS_CBPOL,1.0",M.US,M:Monthly,US:United States,Per cent per year,Units,1997-03-31,F:Free,,A:Normal value,5.5
"BIS,WS_CBPOL,1.0",M.US,M:Monthly,US:United States,Per cent per year,Units,1997-04-30,F:Free,,A:Normal value,5.5
"BIS,WS_CBPOL,1.0",M.US,M:Monthly,US:United States,Per cent per year,Units,1997-05-31,F:Free,,A:Normal value,5.5
"BIS,WS_CBPOL,1.0",M.US,M:Monthly,US:United States,Per cent per year,Units,1997-06-30,F:Free,,A:Normal value,5.5
"BIS,WS_CBPOL,1.0",M.US,M:Monthly,US:United States,Per cent per year,Units,1997-07-31,F:Free,,A:Normal value,5.5
"BIS,WS_CBPOL,1.0",M.US,M:Monthly,US:United States,Per cent per year,Units,1997-08-31,F:Free,,A:Normal value,5.5
"BIS,WS_CBPOL,1.0",M.US,M:Monthly,US:United States,Per cent per year,Units,1997-09-30,F:Free,,A:Normal value,5.5
"BIS,WS_CBPOL,1.0",M.US,M:Monthly,US:United States,Per cent per year,Units,1997-10-31,F:Free,,A:Normal value,5.5
"BIS,WS_CBPOL,1.0",M.US,M:Monthly,US:United States,Per cent per year,Units,1997-11-30,F:Free,,A:Normal value,5.5
"BIS,WS_CBPOL,1.0",M.US,M:Monthly,US:United States,Per cent per year,Units,1997-12-31,F:Free,,A:Normal value,5.5
"BIS,WS_CBPOL,1.0",M.US,M:Monthly,US:United States,Per cent per year,Units,1998-01-31,F:Free,,A:Normal value,5.5
"BIS,WS_CBPOL,1.0",M.US,M:Monthly,US:United States,Per cent per year,Units,1998-02-28,F:Free,,A:Normal value,5.5
"BIS,WS_CBPOL,1.0",M.US,M:Monthly,US:United States,Per cent per year,Units,1998-03-31,F:Free,,A:Normal value,5.5
"BIS,WS_CBPOL,1.0",M.US,M:Monthly,US:United States,Per cent per year,Units,1998-04-30,F:Free,,A:Normal value,5.5
"BIS,WS_CBPOL,1.0",M.US,M:Monthly,US:United States,Per cent per year,Units,1998-05-31,F:Free,,A:Normal value,5.5
"BIS,WS_CBPOL,1.0",M.US,M:Monthly,US:United States,Per cent per year,Units,1998-06-30,F:Free,,A:Normal value,5.5
"BIS,WS_CBPOL,1.0",M.US,M:Monthly,US:United States,Per cent per year,Units,1998-07-31,F:Free,,A:Normal value,5.5
"BIS,WS_CBPOL,1.0",M.US,M:Monthly,US:United States,Per cent per year,Units,1998-08-31,F:Free,,A:Normal value,5.5
"BIS,WS_CBPOL,1.0",M.US,M:Monthly,US:United States,Per cent per year,Units,1998-09-30,F:Free,,A:Normal value,5.25
"BIS,WS_CBPOL,1.0",M.US,M:Monthly,US:United States,Per cent per year,Units,1998-10-31,F:Free,,A:Normal value,5.0
"BIS,WS_CBPOL,1.0",M.US,M:Monthly,US:United States,Per cent per year,Units,1998-11-30,F:Free,,A:Normal value,4.75
"BIS,WS_CBPOL,1.0",M.US,M:Monthly,US:United States,Per cent per year,Units,1998-12-31,F:Free,,A:Normal value,4.75
"BIS,WS_CBPOL,1.0",M.US,M:Monthly,US:United States,Per cent per year,Units,1999-01-31,F:Free,,A:Normal value,4.75
"BIS,WS_CBPOL,1.0",M.US,M:Monthly,US:United States,Per cent per year,Units,1999-02-28,F:Free,,A:Normal value,4.75
"BIS,WS_CBPOL,1.0",M.US,M:Monthly,US:United States,Per cent per year,Units,1999-03-31,F:Free,,A:Normal value,4.75
"BIS,WS_CBPOL,1.0",M.US,M:Monthly,US:United States,Per cent per year,Units,1999-04-30,F:Free,,A:Normal value,4.75
"BIS,WS_CBPOL,1.0",M.US,M:Monthly,US:United States,Per cent per year,Units,1999-05-31,F:Free,,A:Normal value,4.75
"BIS,WS_CBPOL,1.0",M.US,M:Monthly,US:United States,Per cent per year,Units,1999-06-30,F:Free,,A:Normal value,5.0
"BIS,WS_CBPOL,1.0",M.US,M:Monthly,US:United States,Per cent per year,Units,1999-07-31,F:Free,,A:Normal value,5.0
"BIS,WS_CBPOL,1.0",M.US,M:Monthly,US:United States,Per cent per year,Units,1999-08-31,F:Free,,A:Normal value,5.25
"BIS,WS_CBPOL,1.0",M.US,M:Monthly,US:United States,Per cent per year,Units,1999-09-30,F:Free,,A:Normal value,5.25
"BIS,WS_CBPOL,1.0",M.US,M:Monthly,US:United States,Per cent per year,Units,1999-10-31,F:Free,,A:Normal value,5.25
"BIS,WS_CBPOL,1.0",M.US,M:Monthly,US:United States,Per cent per year,Units,1999-11-30,F:Free,,A:Normal value,5.5
"BIS,WS_CBPOL,1.0",M.US,M:Monthly,US:United States,Per cent per year,Units,1999-12-31,F:Free,,A:Normal value,5.5
"BIS,WS_CBPOL,1.0",M.US,M:Monthly,US:United States,Per cent per year,Units,2000-01-31,F:Free,,A:Normal value,5.5
"BIS,WS_CBPOL,1.0",M.US,M:Monthly,US:United States,Per cent per year,Units,2000-02-29,F:Free,,A:Normal value,5.75
"BIS,WS_CBPOL,1.0",M.US,M:Monthly,US:United States,Per cent per year,Units,2000-03-31,F:Free,,A:Normal value,6.0
"BIS,WS_CBPOL,1.0",M.US,M:Monthly,US:United States,Per cent per year,Units,2000-04-30,F:Free,,A:Normal value,6.0
"BIS,WS_CBPOL,1.0",M.US,M:Monthly,US:United States,Per cent per year,Units,2000-05-31,F:Free,,A:Normal value,6.5
"BIS,WS_CBPOL,1.0",M.US,M:Monthly,US:United States,Per cent per year,Units,2000-06-30,F:Free,,A:Normal value,6.5
"BIS,WS_CBPOL,1.0",M.US,M:Monthly,US:United States,Per cent per year,Units,2000-07-31,F:Free,,A:Normal value,6.5
"BIS,WS_CBPOL,1.0",M.US,M:Monthly,US:United States,Per cent per year,Units,2000-08-31,F:Free,,A:Normal value,6.5
"BIS,WS_CBPOL,1.0",M.US,M:Monthly,US:United States,Per cent per year,Units,2000-09-30,F:Free,,A:Normal value,6.5
"BIS,WS_CBPOL,1.0",M.US,M:Monthly,US:United States,Per cent per year,Units,2000-10-31,F:Free,,A:Normal value,6.5
"BIS,WS_CBPOL,1.0",M.US,M:Monthly,US:United States,Per cent per year,Units,2000-11-30,F:Free,,A:Normal value,6.5
"BIS,WS_CBPOL,1.0",M.US,M:Monthly,US:United States,Per cent per year,Units,2000-12-31,F:Free,,A:Normal value,6.5
"BIS,WS_CBPOL,1.0",M.US,M:Monthly,US:United States,Per cent per year,Units,2001-01-31,F:Free,,A:Normal value,5.5
"BIS,WS_CBPOL,1.0",M.US,M:Monthly,US:United States,Per cent per year,Units,2001-02-28,F:Free,,A:Normal value,5.5
"BIS,WS_CBPOL,1.0",M.US,M:Monthly,US:United States,Per cent per year,Units,2001-03-31,F:Free,,A:Normal value,5.0
"BIS,WS_CBPOL,1.0",M.US,M:Monthly,US:United States,Per cent per year,Units,2001-04-30,F:Free,,A:Normal value,4.5
"BIS,WS_CBPOL,1.0",M.US,M:Monthly,US:United States,Per cent per year,Units,2001-05-31,F:Free,,A:Normal value,4.0
"BIS,WS_CBPOL,1.0",M.US,M:Monthly,US:United States,Per cent per year,Units,2001-06-30,F:Free,,A:Normal value,3.75
"BIS,WS_CBPOL,1.0",M.US,M:Monthly,US:United States,Per cent per year,Units,2001-07-31,F:Free,,A:Normal value,3.75
"BIS,WS_CBPOL,1.0",M.US,M:Monthly,US:United States,Per cent per year,Units,2001-08-31,F:Free,,A:Normal value,3.5
"BIS,WS_CBPOL,1.0",M.US,M:Monthly,US:United States,Per cent per year,Units,2001-09-30,F:Free,,A:Normal value,3.0
"BIS,WS_CBPOL,1.0",M.US,M:Monthly,US:United States,Per cent per year,Units,2001-10-31,F:Free,,A:Normal value,2.5
"BIS,WS_CBPOL,1.0",M.US,M:Monthly,US:United States,Per cent per year,Units,2001-11-30,F:Free,,A:Normal value,2.0
"BIS,WS_CBPOL,1.0",M.US,M:Monthly,US:United States,Per cent per year,Units,2001-12-31,F:Free,,A:Normal value,1.75
"BIS,WS_CBPOL,1.0",M.US,M:Monthly,US:United States,Per cent per year,Units,2002-01-31,F:Free,,A:Normal value,1.75
"BIS,WS_CBPOL,1.0",M.US,M:Monthly,US:United States,Per cent per year,Units,2002-02-28,F:Free,,A:Normal value,1.75
"BIS,WS_CBPOL,1.0",M.US,M:Monthly,US:United States,Per cent per year,Units,2002-03-31,F:Free,,A:Normal value,1.75
"BIS,WS_CBPOL,1.0",M.US,M:Monthly,US:United States,Per cent per year,Units,2002-04-30,F:Free,,A:Normal value,1.75
"BIS,WS_CBPOL,1.0",M.US,M:Monthly,US:United States,Per cent per year,Units,2002-05-31,F:Free,,A:Normal value,1.75
"BIS,WS_CBPOL,1.0",M.US,M:Monthly,US:United States,Per cent per year,Units,2002-06-30,F:Free,,A:Normal value,1.75
"BIS,WS_CBPOL,1.0",M.US,M:Monthly,US:United States,Per cent per year,Units,2002-07-31,F:Free,,A:Normal value,1.75
"BIS,WS_CBPOL,1.0",M.US,M:Monthly,US:United States,Per cent per year,Units,2002-08-31,F:Free,,A:Normal value,1.75
"BIS,WS_CBPOL,1.0",M.US,M:Monthly,US:United States,Per cent per year,Units,2002-09-30,F:Free,,A:Normal value,1.75
"BIS,WS_CBPOL,1.0",M.US,M:Monthly,US:United States,Per cent per year,Units,2002-10-31,F:Free,,A:Normal value,1.75
"BIS,WS_CBPOL,1.0",M.US,M:Monthly,US:United States,Per cent per year,Units,2002-11-30,F:Free,,A:Normal value,1.25
"BIS,WS_CBPOL,1.0",M.US,M:Monthly,US:United States,Per cent per year,Units,2002-12-31,F:Free,,A:Normal value,1.25
"BIS,WS_CBPOL,1.0",M.US,M:Monthly,US:United States,Per cent per year,Units,2003-01-31,F:Free,,A:Normal value,1.25
"BIS,WS_CBPOL,1.0",M.US,M:Monthly,US:United States,Per cent per year,Units,2003-02-28,F:Free,,A:Normal value,1.25
"BIS,WS_CBPOL,1.0",M.US,M:Monthly,US:United States,Per cent per year,Units,2003-03-31,F:Free,,A:Normal value,1.25
"BIS,WS_CBPOL,1.0",M.US,M:Monthly,US:United States,Per cent per year,Units,2003-04-30,F:Free,,A:Normal value,1.25
"BIS,WS_CBPOL,1.0",M.US,M:Monthly,US:United States,Per cent per year,Units,2003-05-31,F:Free,,A:Normal value,1.25
"BIS,WS_CBPOL,1.0",M.US,M:Monthly,US:United States,Per cent per year,Units,2003-06-30,F:Free,,A:Normal value,1.0
"BIS,WS_CBPOL,1.0",M.US,M:Monthly,US:United States,Per cent per year,Units,2003-07-31,F:Free,,A:Normal value,1.0
"BIS,WS_CBPOL,1.0",M.US,M:Monthly,US:United States,Per cent per year,Units,2003-08-31,F:Free,,A:Normal value,1.0
"BIS,WS_CBPOL,1.0",M.US,M:Monthly,US:United States,Per cent per year,Units,2003-09-30,F:Free,,A:Normal value,1.0
"BIS,WS_CBPOL,1.0",M.US,M:Monthly,US:United States,Per cent per year,Units,2003-10-31,F:Free,,A:Normal value,1.0
"BIS,WS_CBPOL,1.0",M.US,M:Monthly,US:United States,Per cent per year,Units,2003-11-30,F:Free,,A:Normal value,1.0
"BIS,WS_CBPOL,1.0",M.US,M:Monthly,US:United States,Per cent per year,Units,2003-12-31,F:Free,,A:Normal value,1.0
"BIS,WS_CBPOL,1.0",M.US,M:Monthly,US:United States,Per cent per year,Units,2004-01-31,F:Free,,A:Normal value,1.0
"BIS,WS_CBPOL,1.0",M.US,M:Monthly,US:United States,Per cent per year,Units,2004-02-29,F:Free,,A:Normal value,1.0
"BIS,WS_CBPOL,1.0",M.US,M:Monthly,US:United States,Per cent per year,Units,2004-03-31,F:Free,,A:Normal value,1.0
"BIS,WS_CBPOL,1.0",M.US,M:Monthly,US:United States,Per cent per year,Units,2004-04-30,F:Free,,A:Normal value,1.0
"BIS,WS_CBPOL,1.0",M.US,M:Monthly,US:United States,Per cent per year,Units,2004-05-31,F:Free,,A:Normal value,1.0
"BIS,WS_CBPOL,1.0",M.US,M:Monthly,US:United States,Per cent per year,Units,2004-06-30,F:Free,,A:Normal value,1.25
"BIS,WS_CBPOL,1.0",M.US,M:Monthly,US:United States,Per cent per year,Units,2004-07-31,F:Free,,A:Normal value,1.25
"BIS,WS_CBPOL,1.0",M.US,M:Monthly,US:United States,Per cent per year,Units,2004-08-31,F:Free,,A:Normal value,1.5
"BIS,WS_CBPOL,1.0",M.US,M:Monthly,US:United States,Per cent per year,Units,2004-09-30,F:Free,,A:Normal value,1.75
"BIS,WS_CBPOL,1.0",M.US,M:Monthly,US:United States,Per cent per year,Units,2004-10-31,F:Free,,A:Normal value,1.75
"BIS,WS_CBPOL,1.0",M.US,M:Monthly,US:United States,Per cent per year,Units,2004-11-30,F:Free,,A:Normal value,2.0
"BIS,WS_CBPOL,1.0",M.US,M:Monthly,US:United States,Per cent per year,Units,2004-12-31,F:Free,,A:Normal value,2.25
"BIS,WS_CBPOL,1.0",M.US,M:Monthly,US:United States,Per cent per year,Units,2005-01-31,F:Free,,A:Normal value,2.25
"BIS,WS_CBPOL,1.0",M.US,M:Monthly,US:United States,Per cent per year,Units,2005-02-28,F:Free,,A:Normal value,2.5
"BIS,WS_CBPOL,1.0",M.US,M:Monthly,US:United States,Per cent per year,Units,2005-03-31,F:Free,,A:Normal value,2.75
"BIS,WS_CBPOL,1.0",M.US,M:Monthly,US:United States,Per cent per year,Units,2005-04-30,F:Free,,A:Normal value,2.75
"BIS,WS_CBPOL,1.0",M.US,M:Monthly,US:United States,Per cent per year,Units,2005-05-31,F:Free,,A:Normal value,3.0
"BIS,WS_CBPOL,1.0",M.US,M:Monthly,US:United States,Per cent per year,Units,2005-06-30,F:Free,,A:Normal value,3.25
"BIS,WS_CBPOL,1.0",M.US,M:Monthly,US:United States,Per cent per year,Units,2005-07-31,F:Free,,A:Normal value,3.25
"BIS,WS_CBPOL,1.0",M.US,M:Monthly,US:United States,Per cent per year,Units,2005-08-31,F:Free,,A:Normal value,3.5
"BIS,WS_CBPOL,1.0",M.US,M:Monthly,US:United States,Per cent per year,Units,2005-09-30,F:Free,,A:Normal value,3.75
"BIS,WS_CBPOL,1.0",M.US,M:Monthly,US:United States,Per cent per year,Units,2005-10-31,F:Free,,A:Normal value,3.75
"BIS,WS_CBPOL,1.0",M.US,M:Monthly,US:United States,Per cent per year,Units,2005-11-30,F:Free,,A:Normal value,4.0
"BIS,WS_CBPOL,1.0",M.US,M:Monthly,US:United States,Per cent per year,Units,2005-12-31,F:Free,,A:Normal value,4.25
"BIS,WS_CBPOL,1.0",M.US,M:Monthly,US:United States,Per cent per year,Units,2006-01-31,F:Free,,A:Normal value,4.5
"BIS,WS_CBPOL,1.0",M.US,M:Monthly,US:United States,Per cent per year,Units,2006-02-28,F:Free,,A:Normal value,4.5
"BIS,WS_CBPOL,1.0",M.US,M:Monthly,US:United States,Per cent per year,Units,2006-03-31,F:Free,,A:Normal value,4.75
"BIS,WS_CBPOL,1.0",M.US,M:Monthly,US:United States,Per cent per year,Units,2006-04-30,F:Free,,A:Normal value,4.75
"BIS,WS_CBPOL,1.0",M.US,M:Monthly,US:United States,Per cent per year,Units,2006-05-31,F:Free,,A:Normal value,5.0
"BIS,WS_CBPOL,1.0",M.US,M:Monthly,US:United States,Per cent per year,Units,2006-06-30,F:Free,,A:Normal value,5.25
"BIS,WS_CBPOL,1.0",M.US,M:Monthly,US:United States,Per cent per year,Units,2006-07-31,F:Free,,A:Normal value,5.25
"BIS,WS_CBPOL,1.0",M.US,M:Monthly,US:United States,Per cent per year,Units,2006-08-31,F:Free,,A:Normal value,5.25
"BIS,WS_CBPOL,1.0",M.US,M:Monthly,US:United States,Per cent per year,Units,2006-09-30,F:Free,,A:Normal value,5.25
"BIS,WS_CBPOL,1.0",M.US,M:Monthly,US:United States,Per cent per year,Units,2006-10-31,F:Free,,A:Normal value,5.25
"BIS,WS_CBPOL,1.0",M.US,M:Monthly,US:United States,Per cent per year,Units,2006-11-30,F:Free,,A:Normal value,5.25
"BIS,WS_CBPOL,1.0",M.US,M:Monthly,US:United States,Per cent per year,Units,2006-12-31,F:Free,,A:Normal value,5.25
"BIS,WS_CBPOL,1.0",M.US,M:Monthly,US:United States,Per cent per year,Units,2007-01-31,F:Free,,A:Normal value,5.25
"BIS,WS_CBPOL,1.0",M.US,M:Monthly,US:United States,Per cent per year,Units,2007-02-28,F:Free,,A:Normal value,5.25
"BIS,WS_CBPOL,1.0",M.US,M:Monthly,US:United States,Per cent per year,Units,2007-03-31,F:Free,,A:Normal value,5.25
"BIS,WS_CBPOL,1.0",M.US,M:Monthly,US:United States,Per cent per year,Units,2007-04-30,F:Free,,A:Normal value,5.25
"BIS,WS_CBPOL,1.0",M.US,M:Monthly,US:United States,Per cent per year,Units,2007-05-31,F:Free,,A:Normal value,5.25
"BIS,WS_CBPOL,1.0",M.US,M:Monthly,US:United States,Per cent per year,Units,2007-06-30,F:Free,,A:Normal value,5.25
"BIS,WS_CBPOL,1.0",M.US,M:Monthly,US:United States,Per cent per year,Units,2007-07-31,F:Free,,A:Normal value,5.25
"BIS,WS_CBPOL,1.0",M.US,M:Monthly,US:United States,Per cent per year,Units,2007-08-31,F:Free,,A:Normal value,5.25
"BIS,WS_CBPOL,1.0",M.US,M:Monthly,US:United States,Per cent per year,Units,2007-09-30,F:Free,,A:Normal value,4.75
"BIS,WS_CBPOL,1.0",M.US,M:Monthly,US:United States,Per cent per year,Units,2007-10-31,F:Free,,A:Normal value,4.5
"BIS,WS_CBPOL,1.0",M.US,M:Monthly,US:United States,Per cent per year,Units,2007-11-30,F:Free,,A:Normal value,4.5
"BIS,WS_CBPOL,1.0",M.US,M:Monthly,US:United States,Per cent per year,Units,2007-12-31,F:Free,,A:Normal value,4.25
"BIS,WS_CBPOL,1.0",M.US,M:Monthly,US:United States,Per cent per year,Units,2008-01-31,F:Free,,A:Normal value,3.0
"BIS,WS_CBPOL,1.0",M.US,M:Monthly,US:United States,Per cent per year,Units,2008-02-29,F:Free,,A:Normal value,3.0
"BIS,WS_CBPOL,1.0",M.US,M:Monthly,US:United States,Per cent per year,Units,2008-03-31,F:Free,,A:Normal value,2.25
"BIS,WS_CBPOL,1.0",M.US,M:Monthly,US:United States,Per cent per year,Units,2008-04-30,F:Free,,A:Normal value,2.0
"BIS,WS_CBPOL,1.0",M.US,M:Monthly,US:United States,Per cent per year,Units,2008-05-31,F:Free,,A:Normal value,2.0
"BIS,WS_CBPOL,1.0",M.US,M:Monthly,US:United States,Per cent per year,Units,2008-06-30,F:Free,,A:Normal value,2.0
"BIS,WS_CBPOL,1.0",M.US,M:Monthly,US:United States,Per cent per year,Units,2008-07-31,F:Free,,A:Normal value,2.0
"BIS,WS_CBPOL,1.0",M.US,M:Monthly,US:United States,Per cent per year,Units,2008-08-31,F:Free,,A:Normal value,2.0
"BIS,WS_CBPOL,1.0",M.US,M:Monthly,US:United States,Per cent per year,Units,2008-09-30,F:Free,,A:Normal value,2.0
"BIS,WS_CBPOL,1.0",M.US,M:Monthly,US:United States,Per cent per year,Units,2008-10-31,F:Free,,A:Normal value,1.0
"BIS,WS_CBPOL,1.0",M.US,M:Monthly,US:United States,Per cent per year,Units,2008-11-30,F:Free,,A:Normal value,1.0
"BIS,WS_CBPOL,1.0",M.US,M:Monthly,US:United States,Per cent per year,Units,2008-12-31,F:Free,,A:Normal value,0.125
"BIS,WS_CBPOL,1.0",M.US,M:Monthly,US:United States,Per cent per year,Units,2009-01-31,F:Free,,A:Normal value,0.125
"BIS,WS_CBPOL,1.0",M.US,M:Monthly,US:United States,Per cent per year,Units,2009-02-28,F:Free,,A:Normal value,0.125
"BIS,WS_CBPOL,1.0",M.US,M:Monthly,US:United States,Per cent per year,Units,2009-03-31,F:Free,,A:Normal value,0.125
"BIS,WS_CBPOL,1.0",M.US,M:Monthly,US:United States,Per cent per year,Units,2009-04-30,F:Free,,A:Normal value,0.125
"BIS,WS_CBPOL,1.0",M.US,M:Monthly,US:United States,Per cent per year,Units,2009-05-31,F:Free,,A:Normal value,0.125
"BIS,WS_CBPOL,1.0",M.US,M:Monthly,US:United States,Per cent per year,Units,2009-06-30,F:Free,,A:Normal value,0.125
"BIS,WS_CBPOL,1.0",M.US,M:Monthly,US:United States,Per cent per year,Units,2009-07-31,F:Free,,A:Normal value,0.125
"BIS,WS_CBPOL,1.0",M.US,M:Monthly,US:United States,Per cent per year,Units,2009-08-31,F:Free,,A:Normal value,0.125
"BIS,WS_CBPOL,1.0",M.US,M:Monthly,US:United States,Per cent per year,Units,2009-09-30,F:Free,,A:Normal value,0.125
"BIS,WS_CBPOL,1.0",M.US,M:Monthly,US:United States,Per cent per year,Units,2009-10-31,F:Free,,A:Normal value,0.125
"BIS,WS_CBPOL,1.0",M.US,M:Monthly,US:United States,Per cent per year,Units,2009-11-30,F:Free,,A:Normal value,0.125
"BIS,WS_CBPOL,1.0",M.US,M:Monthly,US:United States,Per cent per year,Units,2009-12-31,F:Free,,A:Normal value,0.125
"BIS,WS_CBPOL,1.0",M.US,M:Monthly,US:United States,Per cent per year,Units,2010-01-31,F:Free,,A:Normal value,0.125
"BIS,WS_CBPOL,1.0",M.US,M:Monthly,US:United States,Per cent per year,Units,2010-02-28,F:Free,,A:Normal value,0.125
"BIS,WS_CBPOL,1.0",M.US,M:Monthly,US:United States,Per cent per year,Units,2010-03-31,F:Free,,A:Normal value,0.125
"BIS,WS_CBPOL,1.0",M.US,M:Monthly,US:United States,Per cent per year,Units,2010-04-30,F:Free,,A:Normal value,0.125
"BIS,WS_CBPOL,1.0",M.US,M:Monthly,US:United States,Per cent per year,Units,2010-05-31,F:Free,,A:Normal value,0.125
"BIS,WS_CBPOL,1.0",M.US,M:Monthly,US:United States,Per cent per year,Units,2010-06-30,F:Free,,A:Normal value,0.125
"BIS,WS_CBPOL,1.0",M.US,M:Monthly,US:United States,Per cent per year,Units,2010-07-31,F:Free,,A:Normal value,0.125
"BIS,WS_CBPOL,1.0",M.US,M:Monthly,US:United States,Per cent per year,Units,2010-08-31,F:Free,,A:Normal value,0.125
"BIS,WS_CBPOL,1.0",M.US,M:Monthly,US:United States,Per cent per year,Units,2010-09-30,F:Free,,A:Normal value,0.125
"BIS,WS_CBPOL,1.0",M.US,M:Monthly,US:United States,Per cent per year,Units,2010-10-31,F:Free,,A:Normal value,0.125
"BIS,WS_CBPOL,1.0",M.US,M:Monthly,US:United States,Per cent per year,Units,2010-11-30,F:Free,,A:Normal value,0.125
"BIS,WS_CBPOL,1.0",M.US,M:Monthly,US:United States,Per cent per year,Units,2010-12-31,F:Free,,A:Normal value,0.125
"BIS,WS_CBPOL,1.0",M.US,M:Monthly,US:United States,Per cent per year,Units,2011-01-31,F:Free,,A:Normal value,0.125
"BIS,WS_CBPOL,1.0",M.US,M:Monthly,US:United States,Per cent per year,Units,2011-02-28,F:Free,,A:Normal value,0.125
"BIS,WS_CBPOL,1.0",M.US,M:Monthly,US:United States,Per cent per year,Units,2011-03-31,F:Free,,A:Normal value,0.125
"BIS,WS_CBPOL,1.0",M.US,M:Monthly,US:United States,Per cent per year,Units,2011-04-30,F:Free,,A:Normal value,0.125
"BIS,WS_CBPOL,1.0",M.US,M:Monthly,US:United States,Per cent per year,Units,2011-05-31,F:Free,,A:Normal value,0.125
"BIS,WS_CBPOL,1.0",M.US,M:Monthly,US:United States,Per cent per year,Units,2011-06-30,F:Free,,A:Normal value,0.125
"BIS,WS_CBPOL,1.0",M.US,M:Monthly,US:United States,Per cent per year,Units,2011-07-31,F:Free,,A:Normal value,0.125
"BIS,WS_CBPOL,1.0",M.US,M:Monthly,US:United States,Per cent per year,Units,2011-08-31,F:Free,,A:Normal value,0.125
"BIS,WS_CBPOL,1.0",M.US,M:Monthly,US:United States,Per cent per year,Units,2011-09-30,F:Free,,A:Normal value,0.125
"BIS,WS_CBPOL,1.0",M.US,M:Monthly,US:United States,Per cent per year,Units,2011-10-31,F:Free,,A:Normal value,0.125
"BIS,WS_CBPOL,1.0",M.US,M:Monthly,US:United States,Per cent per year,Units,2011-11-30,F:Free,,A:Normal value,0.125
"BIS,WS_CBPOL,1.0",M.US,M:Monthly,US:United States,Per cent per year,Units,2011-12-31,F:Free,,A:Normal value,0.125
"BIS,WS_CBPOL,1.0",M.US,M:Monthly,US:United States,Per cent per year,Units,2012-01-31,F:Free,,A:Normal value,0.125
"BIS,WS_CBPOL,1.0",M.US,M:Monthly,US:United States,Per cent per year,Units,2012-02-29,F:Free,,A:Normal value,0.125
"BIS,WS_CBPOL,1.0",M.US,M:Monthly,US:United States,Per cent per year,Units,2012-03-31,F:Free,,A:Normal value,0.125
"BIS,WS_CBPOL,1.0",M.US,M:Monthly,US:United States,Per cent per year,Units,2012-04-30,F:Free,,A:Normal value,0.125
"BIS,WS_CBPOL,1.0",M.US,M:Monthly,US:United States,Per cent per year,Units,2012-05-31,F:Free,,A:Normal value,0.125
"BIS,WS_CBPOL,1.0",M.US,M:Monthly,US:United States,Per cent per year,Units,2012-06-30,F:Free,,A:Normal value,0.125
"BIS,WS_CBPOL,1.0",M.US,M:Monthly,US:United States,Per cent per year,Units,2012-07-31,F:Free,,A:Normal value,0.125
"BIS,WS_CBPOL,1.0",M.US,M:Monthly,US:United States,Per cent per year,Units,2012-08-31,F:Free,,A:Normal value,0.125
"BIS,WS_CBPOL,1.0",M.US,M:Monthly,US:United States,Per cent per year,Units,2012-09-30,F:Free,,A:Normal value,0.125
"BIS,WS_CBPOL,1.0",M.US,M:Monthly,US:United States,Per cent per year,Units,2012-10-31,F:Free,,A:Normal value,0.125
"BIS,WS_CBPOL,1.0",M.US,M:Monthly,US:United States,Per cent per year,Units,2012-11-30,F:Free,,A:Normal value,0.125
"BIS,WS_CBPOL,1.0",M.US,M:Monthly,US:United States,Per cent per year,Units,2012-12-31,F:Free,,A:Normal value,0.125
"BIS,WS_CBPOL,1.0",M.US,M:Monthly,US:United States,Per cent per year,Units,2013-01-31,F:Free,,A:Normal value,0.125
"BIS,WS_CBPOL,1.0",M.US,M:Monthly,US:United States,Per cent per year,Units,2013-02-28,F:Free,,A:Normal value,0.125
"BIS,WS_CBPOL,1.0",M.US,M:Monthly,US:United States,Per cent per year,Units,2013-03-31,F:Free,,A:Normal value,0.125
"BIS,WS_CBPOL,1.0",M.US,M:Monthly,US:United States,Per cent per year,Units,2013-04-30,F:Free,,A:Normal value,0.125
"BIS,WS_CBPOL,1.0",M.US,M:Monthly,US:United States,Per cent per year,Units,2013-05-31,F:Free,,A:Normal value,0.125
"BIS,WS_CBPOL,1.0",M.US,M:Monthly,US:United States,Per cent per year,Units,2013-06-30,F:Free,,A:Normal value,0.125
"BIS,WS_CBPOL,1.0",M.US,M:Monthly,US:United States,Per cent per year,Units,2013-07-31,F:Free,,A:Normal value,0.125
"BIS,WS_CBPOL,1.0",M.US,M:Monthly,US:United States,Per cent per year,Units,2013-08-31,F:Free,,A:Normal value,0.125
"BIS,WS_CBPOL,1.0",M.US,M:Monthly,US:United States,Per cent per year,Units,2013-09-30,F:Free,,A:Normal value,0.125
"BIS,WS_CBPOL,1.0",M.US,M:Monthly,US:United States,Per cent per year,Units,2013-10-31,F:Free,,A:Normal value,0.125
"BIS,WS_CBPOL,1.0",M.US,M:Monthly,US:United States,Per cent per year,Units,2013-11-30,F:Free,,A:Normal value,0.125
"BIS,WS_CBPOL,1.0",M.US,M:Monthly,US:United States,Per cent per year,Units,2013-12-31,F:Free,,A:Normal value,0.125
"BIS,WS_CBPOL,1.0",M.US,M:Monthly,US:United States,Per cent per year,Units,2014-01-31,F:Free,,A:Normal value,0.125
"BIS,WS_CBPOL,1.0",M.US,M:Monthly,US:United States,Per cent per year,Units,2014-02-28,F:Free,,A:Normal value,0.125
"BIS,WS_CBPOL,1.0",M.US,M:Monthly,US:United States,Per cent per year,Units,2014-03-31,F:Free,,A:Normal value,0.125
"BIS,WS_CBPOL,1.0",M.US,M:Monthly,US:United States,Per cent per year,Units,2014-04-30,F:Free,,A:Normal value,0.125
"BIS,WS_CBPOL,1.0",M.US,M:Monthly,US:United States,Per cent per year,Units,2014-05-31,F:Free,,A:Normal value,0.125
"BIS,WS_CBPOL,1.0",M.US,M:Monthly,US:United States,Per cent per year,Units,2014-06-30,F:Free,,A:Normal value,0.125
"BIS,WS_CBPOL,1.0",M.US,M:Monthly,US:United States,Per cent per year,Units,2014-07-31,F:Free,,A:Normal value,0.125
"BIS,WS_CBPOL,1.0",M.US,M:Monthly,US:United States,Per cent per year,Units,2014-08-31,F:Free,,A:Normal value,0.125
"BIS,WS_CBPOL,1.0",M.US,M:Monthly,US:United States,Per cent per year,Units,2014-09-30,F:Free,,A:Normal value,0.125
"BIS,WS_CBPOL,1.0",M.US,M:Monthly,US:United States,Per cent per year,Units,2014-10-31,F:Free,,A:Normal value,0.125
"BIS,WS_CBPOL,1.0",M.US,M:Monthly,US:United States,Per cent per year,Units,2014-11-30,F:Free,,A:Normal value,0.125
"BIS,WS_CBPOL,1.0",M.US,M:Monthly,US:United States,Per cent per year,Units,2014-12-31,F:Free,,A:Normal value,0.125
"BIS,WS_CBPOL,1.0",M.US,M:Monthly,US:United States,Per cent per year,Units,2015-01-31,F:Free,,A:Normal value,0.125
"BIS,WS_CBPOL,1.0",M.US,M:Monthly,US:United States,Per cent per year,Units,2015-02-28,F:Free,,A:Normal value,0.125
"BIS,WS_CBPOL,1.0",M.US,M:Monthly,US:United States,Per cent per year,Units,2015-03-31,F:Free,,A:Normal value,0.125
"BIS,WS_CBPOL,1.0",M.US,M:Monthly,US:United States,Per cent per year,Units,2015-04-30,F:Free,,A:Normal value,0.125
"BIS,WS_CBPOL,1.0",M.US,M:Monthly,US:United States,Per cent per year,Units,2015-05-31,F:Free,,A:Normal value,0.125
"BIS,WS_CBPOL,1.0",M.US,M:Monthly,US:United States,Per cent per year,Units,2015-06-30,F:Free,,A:Normal value,0.125
"BIS,WS_CBPOL,1.0",M.US,M:Monthly,US:United States,Per cent per year,Units,2015-07-31,F:Free,,A:Normal value,0.125
"BIS,WS_CBPOL,1.0",M.US,M:Monthly,US:United States,Per cent per year,Units,2015-08-31,F:Free,,A:Normal value,0.125
"BIS,WS_CBPOL,1.0",M.US,M:Monthly,US:United States,Per cent per year,Units,2015-09-30,F:Free,,A:Normal value,0.125
"BIS,WS_CBPOL,1.0",M.US,M:Monthly,US:United States,Per cent per year,Units,2015-10-31,F:Free,,A:Normal value,0.125
"BIS,WS_CBPOL,1.0",M.US,M:Monthly,US:United States,Per cent per year,Units,2015-11-30,F:Free,,A:Normal value,0.125
"BIS,WS_CBPOL,1.0",M.US,M:Monthly,US:United States,Per cent per year,Units,2015-12-31,F:Free,,A:Normal value,0.375
"BIS,WS_CBPOL,1.0",M.US,M:Monthly,US:United States,Per cent per year,Units,2016-01-31,F:Free,,A:Normal value,0.375
"BIS,WS_CBPOL,1.0",M.US,M:Monthly,US:United States,Per cent per year,Units,2016-02-29,F:Free,,A:Normal value,0.375
"BIS,WS_CBPOL,1.0",M.US,M:Monthly,US:United States,Per cent per year,Units,2016-03-31,F:Free,,A:Normal value,0.375
"BIS,WS_CBPOL,1.0",M.US,M:Monthly,US:United States,Per cent per year,Units,2016-04-30,F:Free,,A:Normal value,0.375
"BIS,WS_CBPOL,1.0",M.US,M:Monthly,US:United States,Per cent per year,Units,2016-05-31,F:Free,,A:Normal value,0.375
"BIS,WS_CBPOL,1.0",M.US,M:Monthly,US:United States,Per cent per year,Units,2016-06-30,F:Free,,A:Normal value,0.375
"BIS,WS_CBPOL,1.0",M.US,M:Monthly,US:United States,Per cent per year,Units,2016-07-31,F:Free,,A:Normal value,0.375
"BIS,WS_CBPOL,1.0",M.US,M:Monthly,US:United States,Per cent per year,Units,2016-08-31,F:Free,,A:Normal value,0.375
"BIS,WS_CBPOL,1.0",M.US,M:Monthly,US:United States,Per cent per year,Units,2016-09-30,F:Free,,A:Normal value,0.375
"BIS,WS_CBPOL,1.0",M.US,M:Monthly,US:United States,Per cent per year,Units,2016-10-31,F:Free,,A:Normal value,0.375
"BIS,WS_CBPOL,1.0",M.US,M:Monthly,US:United States,Per cent per year,Units,2016-11-30,F:Free,,A:Normal value,0.375
"BIS,WS_CBPOL,1.0",M.US,M:Monthly,US:United States,Per cent per year,Units,2016-12-31,F:Free,,A:Normal value,0.625
"BIS,WS_CBPOL,1.0",M.US,M:Monthly,US:United States,Per cent per year,Units,2017-01-31,F:Free,,A:Normal value,0.625
"BIS,WS_CBPOL,1.0",M.US,M:Monthly,US:United States,Per cent per year,Units,2017-02-28,F:Free,,A:Normal value,0.625
"BIS,WS_CBPOL,1.0",M.US,M:Monthly,US:United States,Per cent per year,Units,2017-03-31,F:Free,,A:Normal value,0.875
"BIS,WS_CBPOL,1.0",M.US,M:Monthly,US:United States,Per cent per year,Units,2017-04-30,F:Free,,A:Normal value,0.875
"BIS,WS_CBPOL,1.0",M.US,M:Monthly,US:United States,Per cent per year,Units,2017-05-31,F:Free,,A:Normal value,0.875
"BIS,WS_CBPOL,1.0",M.US,M:Monthly,US:United States,Per cent per year,Units,2017-06-30,F:Free,,A:Normal value,1.125
"BIS,WS_CBPOL,1.0",M.US,M:Monthly,US:United States,Per cent per year,Units,2017-07-31,F:Free,,A:Normal value,1.125
"BIS,WS_CBPOL,1.0",M.US,M:Monthly,US:United States,Per cent per year,Units,2017-08-31,F:Free,,A:Normal value,1.125
"BIS,WS_CBPOL,1.0",M.US,M:Monthly,US:United States,Per cent per year,Units,2017-09-30,F:Free,,A:Normal value,1.125
"BIS,WS_CBPOL,1.0",M.US,M:Monthly,US:United States,Per cent per year,Units,2017-10-31,F:Free,,A:Normal value,1.125
"BIS,WS_CBPOL,1.0",M.US,M:Monthly,US:United States,Per cent per year,Units,2017-11-30,F:Free,,A:Normal value,1.125
"BIS,WS_CBPOL,1.0",M.US,M:Monthly,US:United States,Per cent per year,Units,2017-12-31,F:Free,,A:Normal value,1.375
"BIS,WS_CBPOL,1.0",M.US,M:Monthly,US:United States,Per cent per year,Units,2018-01-31,F:Free,,A:Normal value,1.375
"BIS,WS_CBPOL,1.0",M.US,M:Monthly,US:United States,Per cent per year,Units,2018-02-28,F:Free,,A:Normal value,1.375
"BIS,WS_CBPOL,1.0",M.US,M:Monthly,US:United States,Per cent per year,Units,2018-03-31,F:Free,,A:Normal value,1.625
"BIS,WS_CBPOL,1.0",M.US,M:Monthly,US:United States,Per cent per year,Units,2018-04-30,F:Free,,A:Normal value,1.625
"BIS,WS_CBPOL,1.0",M.US,M:Monthly,US:United States,Per cent per year,Units,2018-05-31,F:Free,,A:Normal value,1.625
"BIS,WS_CBPOL,1.0",M.US,M:Monthly,US:United States,Per cent per year,Units,2018-06-30,F:Free,,A:Normal value,1.875
"BIS,WS_CBPOL,1.0",M.US,M:Monthly,US:United States,Per cent per year,Units,2018-07-31,F:Free,,A:Normal value,1.875
"BIS,WS_CBPOL,1.0",M.US,M:Monthly,US:United States,Per cent per year,Units,2018-08-31,F:Free,,A:Normal value,1.875
"BIS,WS_CBPOL,1.0",M.US,M:Monthly,US:United States,Per cent per year,Units,2018-09-30,F:Free,,A:Normal value,2.125
"BIS,WS_CBPOL,1.0",M.US,M:Monthly,US:United States,Per cent per year,Units,2018-10-31,F:Free,,A:Normal value,2.125
"BIS,WS_CBPOL,1.0",M.US,M:Monthly,US:United States,Per cent per year,Units,2018-11-30,F:Free,,A:Normal value,2.125
"BIS,WS_CBPOL,1.0",M.US,M:Monthly,US:United States,Per cent per year,Units,2018-12-31,F:Free,,A:Normal value,2.375
"BIS,WS_CBPOL,1.0",M.US,M:Monthly,US:United States,Per cent per year,Units,2019-01-31,F:Free,,A:Normal value,2.375
"BIS,WS_CBPOL,1.0",M.US,M:Monthly,US:United States,Per cent per year,Units,2019-02-28,F:Free,,A:Normal value,2.375
"BIS,WS_CBPOL,1.0",M.US,M:Monthly,US:United States,Per cent per year,Units,2019-03-31,F:Free,,A:Normal value,2.375
"BIS,WS_CBPOL,1.0",M.US,M:Monthly,US:United States,Per cent per year,Units,2019-04-30,F:Free,,A:Normal value,2.375
"BIS,WS_CBPOL,1.0",M.US,M:Monthly,US:United States,Per cent per year,Units,2019-05-31,F:Free,,A:Normal value,2.375
"BIS,WS_CBPOL,1.0",M.US,M:Monthly,US:United States,Per cent per year,Units,2019-06-30,F:Free,,A:Normal value,2.375
"BIS,WS_CBPOL,1.0",M.US,M:Monthly,US:United States,Per cent per year,Units,2019-07-31,F:Free,,A:Normal value,2.375
"BIS,WS_CBPOL,1.0",M.US,M:Monthly,US:United States,Per cent per year,Units,2019-08-31,F:Free,,A:Normal value,2.125
"BIS,WS_CBPOL,1.0",M.US,M:Monthly,US:United States,Per cent per year,Units,2019-09-30,F:Free,,A:Normal value,1.875
"BIS,WS_CBPOL,1.0",M.US,M:Monthly,US:United States,Per cent per year,Units,2019-10-31,F:Free,,A:Normal value,1.625
"BIS,WS_CBPOL,1.0",M.US,M:Monthly,US:United States,Per cent per year,Units,2019-11-30,F:Free,,A:Normal value,1.625
"BIS,WS_CBPOL,1.0",M.US,M:Monthly,US:United States,Per cent per year,Units,2019-12-31,F:Free,,A:Normal value,1.625
"BIS,WS_CBPOL,1.0",M.US,M:Monthly,US:United States,Per cent per year,Units,2020-01-31,F:Free,,A:Normal value,1.625
"BIS,WS_CBPOL,1.0",M.US,M:Monthly,US:United States,Per cent per year,Units,2020-02-29,F:Free,,A:Normal value,1.625
"BIS,WS_CBPOL,1.0",M.US,M:Monthly,US:United States,Per cent per year,Units,2020-03-31,F:Free,,A:Normal value,0.125
"BIS,WS_CBPOL,1.0",M.US,M:Monthly,US:United States,Per cent per year,Units,2020-04-30,F:Free,,A:Normal value,0.125
"BIS,WS_CBPOL,1.0",M.US,M:Monthly,US:United States,Per cent per year,Units,2020-05-31,F:Free,,A:Normal value,0.125
"BIS,WS_CBPOL,1.0",M.US,M:Monthly,US:United States,Per cent per year,Units,2020-06-30,F:Free,,A:Normal value,0.125
"BIS,WS_CBPOL,1.0",M.US,M:Monthly,US:United States,Per cent per year,Units,2020-07-31,F:Free,,A:Normal value,0.125
"BIS,WS_CBPOL,1.0",M.US,M:Monthly,US:United States,Per cent per year,Units,2020-08-31,F:Free,,A:Normal value,0.125
"BIS,WS_CBPOL,1.0",M.US,M:Monthly,US:United States,Per cent per year,Units,2020-09-30,F:Free,,A:Normal value,0.125
"BIS,WS_CBPOL,1.0",M.US,M:Monthly,US:United States,Per cent per year,Units,2020-10-31,F:Free,,A:Normal value,0.125
"BIS,WS_CBPOL,1.0",M.US,M:Monthly,US:United States,Per cent per year,Units,2020-11-30,F:Free,,A:Normal value,0.125
"BIS,WS_CBPOL,1.0",M.US,M:Monthly,US:United States,Per cent per year,Units,2020-12-31,F:Free,,A:Normal value,0.125
"BIS,WS_CBPOL,1.0",M.US,M:Monthly,US:United States,Per cent per year,Units,2021-01-31,F:Free,,A:Normal value,0.125
"BIS,WS_CBPOL,1.0",M.US,M:Monthly,US:United States,Per cent per year,Units,2021-02-28,F:Free,,A:Normal value,0.125
"BIS,WS_CBPOL,1.0",M.US,M:Monthly,US:United States,Per cent per year,Units,2021-03-31,F:Free,,A:Normal value,0.125
"BIS,WS_CBPOL,1.0",M.US,M:Monthly,US:United States,Per cent per year,Units,2021-04-30,F:Free,,A:Normal value,0.125
"BIS,WS_CBPOL,1.0",M.US,M:Monthly,US:United States,Per cent per year,Units,2021-05-31,F:Free,,A:Normal value,0.125
"BIS,WS_CBPOL,1.0",M.US,M:Monthly,US:United States,Per cent per year,Units,2021-06-30,F:Free,,A:Normal value,0.125
"BIS,WS_CBPOL,1.0",M.US,M:Monthly,US:United States,Per cent per year,Units,2021-07-31,F:Free,,A:Normal value,0.125
"BIS,WS_CBPOL,1.0",M.US,M:Monthly,US:United States,Per cent per year,Units,2021-08-31,F:Free,,A:Normal value,0.125
"BIS,WS_CBPOL,1.0",M.US,M:Monthly,US:United States,Per cent per year,Units,2021-09-30,F:Free,,A:Normal value,0.125
"BIS,WS_CBPOL,1.0",M.US,M:Monthly,US:United States,Per cent per year,Units,2021-10-31,F:Free,,A:Normal value,0.125
"BIS,WS_CBPOL,1.0",M.US,M:Monthly,US:United States,Per cent per year,Units,2021-11-30,F:Free,,A:Normal value,0.125
"BIS,WS_CBPOL,1.0",M.US,M:Monthly,US:United States,Per cent per year,Units,2021-12-31,F:Free,,A:Normal value,0.125
"BIS,WS_CBPOL,1.0",M.US,M:Monthly,US:United States,Per cent per year,Units,2022-01-31,F:Free,,A:Normal value,0.125
"BIS,WS_CBPOL,1.0",M.US,M:Monthly,US:United States,Per cent per year,Units,2022-02-28,F:Free,,A:Normal value,0.125
"BIS,WS_CBPOL,1.0",M.US,M:Monthly,US:United States,Per cent per year,Units,2022-03-31,F:Free,,A:Normal value,0.375
"BIS,WS_CBPOL,1.0",M.US,M:Monthly,US:United States,Per cent per year,Units,2022-04-30,F:Free,,A:Normal value,0.375
"BIS,WS_CBPOL,1.0",M.US,M:Monthly,US:United States,Per cent per year,Units,2022-05-31,F:Free,,A:Normal value,0.875
"BIS,WS_CBPOL,1.0",M.US,M:Monthly,US:United States,Per cent per year,Units,2022-06-30,F:Free,,A:Normal value,1.625
"BIS,WS_CBPOL,1.0",M.US,M:Monthly,US:United States,Per cent per year,Units,2022-07-31,F:Free,,A:Normal value,2.375
"BIS,WS_CBPOL,1.0",M.US,M:Monthly,US:United States,Per cent per year,Units,2022-08-31,F:Free,,A:Normal value,2.375
"BIS,WS_CBPOL,1.0",M.US,M:Monthly,US:United States,Per cent per year,Units,2022-09-30,F:Free,,A:Normal value,3.125
"BIS,WS_CBPOL,1.0",M.US,M:Monthly,US:United States,Per cent per year,Units,2022-10-31,F:Free,,A:Normal value,3.125
"BIS,WS_CBPOL,1.0",M.US,M:Monthly,US:United States,Per cent per year,Units,2022-11-30,F:Free,,A:Normal value,3.875
"BIS,WS_CBPOL,1.0",M.US,M:Monthly,US:United States,Per cent per year,Units,2022-12-31,F:Free,,A:Normal value,4.375
"BIS,WS_CBPOL,1.0",M.US,M:Monthly,US:United States,Per cent per year,Units,2023-01-31,F:Free,,A:Normal value,4.375
"BIS,WS_CBPOL,1.0",M.US,M:Monthly,US:United States,Per cent per year,Units,2023-02-28,F:Free,,A:Normal value,4.625
"BIS,WS_CBPOL,1.0",M.US,M:Monthly,US:United States,Per cent per year,Units,2023-03-31,F:Free,,A:Normal value,4.875
"BIS,WS_CBPOL,1.0",M.US,M:Monthly,US:United States,Per cent per year,Units,2023-04-30,F:Free,,A:Normal value,4.875
"BIS,WS_CBPOL,1.0",M.US,M:Monthly,US:United States,Per cent per year,Units,2023-05-31,F:Free,,A:Normal value,5.125
"BIS,WS_CBPOL,1.0",M.US,M:Monthly,US:United States,Per cent per year,Units,2023-06-30,F:Free,,A:Normal value,5.125
"BIS,WS_CBPOL,1.0",M.US,M:Monthly,US:United States,Per cent per year,Units,2023-07-31,F:Free,,A:Normal value,5.375
"BIS,WS_CBPOL,1.0",M.US,M:Monthly,US:United States,Per cent per year,Units,2023-08-31,F:Free,,A:Normal value,5.375
"BIS,WS_CBPOL,1.0",M.US,M:Monthly,US:United States,Per cent per year,Units,2023-09-30,F:Free,,A:Normal value,5.375
"BIS,WS_CBPOL,1.0",M.US,M:Monthly,US:United States,Per cent per year,Units,2023-10-31,F:Free,,A:Normal value,5.375
"BIS,WS_CBPOL,1.0",M.US,M:Monthly,US:United States,Per cent per year,Units,2023-11-30,F:Free,,A:Normal value,5.375
"BIS,WS_CBPOL,1.0",M.US,M:Monthly,US:United States,Per cent per year,Units,2023-12-31,F:Free,,A:Normal value,5.375
"BIS,WS_CBPOL,1.0",M.US,M:Monthly,US:United States,Per cent per year,Units,2024-01-31,F:Free,,A:Normal value,5.375
"BIS,WS_CBPOL,1.0",M.US,M:Monthly,US:United States,Per cent per year,Units,2024-02-29,F:Free,,A:Normal value,5.375
"BIS,WS_CBPOL,1.0",M.US,M:Monthly,US:United States,Per cent per year,Units,2024-03-31,F:Free,,A:Normal value,5.375
"BIS,WS_CBPOL,1.0",M.US,M:Monthly,US:United States,Per cent per year,Units,2024-04-30,F:Free,,A:Normal value,5.375
"BIS,WS_CBPOL,1.0",M.US,M:Monthly,US:United States,Per cent per year,Units,2024-05-31,F:Free,,A:Normal value,5.375
"BIS,WS_CBPOL,1.0",M.US,M:Monthly,US:United States,Per cent per year,Units,2024-06-30,F:Free,,A:Normal value,5.375
"BIS,WS_CBPOL,1.0",M.US,M:Monthly,US:United States,Per cent per year,Units,2024-07-31,F:Free,,A:Normal value,5.375
"BIS,WS_CBPOL,1.0",M.US,M:Monthly,US:United States,Per cent per year,Units,2024-08-31,F:Free,,A:Normal value,5.375
"BIS,WS_CBPOL,1.0",M.US,M:Monthly,US:United States,Per cent per year,Units,2024-09-30,F:Free,,A:Normal value,4.875
